timestamp,household_id,energy_consumption_kWh,future_consumption_kWh,target_category,production_solaire,flux_energetique
2024-01-01 00:00:00,1,0.2922497787571019,0.2385876882344392,Medium,0.0,-0.2922497787571019
2024-01-01 00:05:00,1,0.33402276352821486,0.2568296319314744,High,0.0,-0.33402276352821486
2024-01-01 00:10:00,1,0.3595614847040641,0.2066428813170447,Medium,0.0,-0.3595614847040641
2024-01-01 00:15:00,1,0.28930003384386255,0.2435350275572043,Medium,0.0,-0.28930003384386255
2024-01-01 00:20:00,1,0.340949038580086,0.2421875851483412,Medium,0.0,-0.340949038580086
2024-01-01 00:25:00,1,0.33906261920767766,0.2839240407538538,High,0.0,-0.33906261920767766
2024-01-01 00:30:00,1,0.3974936570553953,0.2400335776801708,Medium,0.0,-0.3974936570553953
2024-01-01 00:35:00,1,0.3360470087522391,0.248543470699992,Medium,0.0,-0.3360470087522391
2024-01-01 00:40:00,1,0.3479608589799888,0.3100330665076766,High,0.0,-0.3479608589799888
2024-01-01 00:45:00,1,0.4340462931107472,0.3147119408606921,High,0.0,-0.4340462931107472
2024-01-01 00:50:00,1,0.4405967172049689,0.2715096795747457,High,0.0,-0.4405967172049689
2024-01-01 00:55:00,1,0.380113551404644,0.2875335948391306,High,0.0,-0.380113551404644
2024-01-01 01:00:00,1,0.4025470327747828,0.3169914236893639,High,0.0,-0.4025470327747828
2024-01-01 01:05:00,1,0.4437879931651094,0.2573968199440516,High,0.0,-0.4437879931651094
2024-01-01 01:10:00,1,0.36035554792167224,0.3044528817195416,High,0.0,-0.36035554792167224
2024-01-01 01:15:00,1,0.42623403440735824,0.2864733423015074,High,0.0,-0.42623403440735824
2024-01-01 01:20:00,1,0.4010626792221103,0.2825562641445027,High,0.0,-0.4010626792221103
2024-01-01 01:25:00,1,0.3955787698023037,0.3066618071966647,High,0.0,-0.3955787698023037
2024-01-01 01:30:00,1,0.42932653007533056,0.2983365533175358,High,0.0,-0.42932653007533056
2024-01-01 01:35:00,1,0.41767117464455006,0.282002547978107,High,0.0,-0.41767117464455006
2024-01-01 01:40:00,1,0.3948035671693497,0.2925634090705647,High,0.0,-0.3948035671693497
2024-01-01 01:45:00,1,0.40958877269879057,0.301145760799527,High,0.0,-0.40958877269879057
2024-01-01 01:50:00,1,0.42160406511933773,0.2868781016390228,High,0.0,-0.42160406511933773
2024-01-01 01:55:00,1,0.4016293422946319,0.255919497909458,High,0.0,-0.4016293422946319
2024-01-01 02:00:00,1,0.3582872970732412,0.2495905228470311,Medium,0.0,-0.3582872970732412
2024-01-01 02:05:00,1,0.3494267319858435,0.1764906275802929,Medium,0.0,-0.3494267319858435
2024-01-01 02:10:00,1,0.24708687861241005,0.2277115365686182,Medium,0.0,-0.24708687861241005
2024-01-01 02:15:00,1,0.31879615119606547,0.2025847881469671,Medium,0.0,-0.31879615119606547
2024-01-01 02:20:00,1,0.2836187034057539,0.2325600598091283,Medium,0.0,-0.2836187034057539
2024-01-01 02:25:00,1,0.3255840837327796,0.1911926036234317,Medium,0.0,-0.3255840837327796
2024-01-01 02:30:00,1,0.2676696450728044,0.1849682572865664,Medium,0.0,-0.2676696450728044
2024-01-01 02:35:00,1,0.258955560201193,0.1813416218384123,Medium,0.0,-0.258955560201193
2024-01-01 02:40:00,1,0.2538782705737772,0.160950263705987,Medium,0.0,-0.2538782705737772
2024-01-01 02:45:00,1,0.22533036918838178,0.1509868247844545,Medium,0.0,-0.22533036918838178
2024-01-01 02:50:00,1,0.21138155469823627,0.1458037658542064,Low,0.0,-0.21138155469823627
2024-01-01 02:55:00,1,0.20412527219588894,0.1601584673503093,Medium,0.0,-0.20412527219588894
2024-01-01 03:00:00,1,0.224221854290433,0.1495430388121264,Low,0.0,-0.224221854290433
2024-01-01 03:05:00,1,0.20936025433697697,0.1168857060396975,Low,0.0,-0.20936025433697697
2024-01-01 03:10:00,1,0.16363998845557648,0.1207468346016207,Low,0.0,-0.16363998845557648
2024-01-01 03:15:00,1,0.16904556844226895,0.1414243478279163,Low,0.0,-0.16904556844226895
2024-01-01 03:20:00,1,0.1979940869590828,0.1365017781493513,Low,0.0,-0.1979940869590828
2024-01-01 03:25:00,1,0.1911024894090918,0.149324335790629,Low,0.0,-0.1911024894090918
2024-01-01 03:30:00,1,0.2090540701068806,0.1116698658264637,Low,0.0,-0.2090540701068806
2024-01-01 03:35:00,1,0.15633781215704917,0.1037822586294904,Low,0.0,-0.15633781215704917
2024-01-01 03:40:00,1,0.14529516208128657,0.0840946936691977,Low,0.0,-0.14529516208128657
2024-01-01 03:45:00,1,0.11773257113687677,0.0997151667870064,Low,0.0,-0.11773257113687677
2024-01-01 03:50:00,1,0.13960123350180895,0.0831956190117551,Low,0.0,-0.13960123350180895
2024-01-01 03:55:00,1,0.11647386661645713,0.1168084932103443,Low,0.0,-0.11647386661645713
2024-01-01 04:00:00,1,0.163531890494482,0.1066749389978645,Low,0.0,-0.163531890494482
2024-01-01 04:05:00,1,0.1493449145970103,0.1264960141971614,Low,0.0,-0.1493449145970103
2024-01-01 04:10:00,1,0.17709441987602592,0.1100024478155606,Low,0.0,-0.17709441987602592
2024-01-01 04:15:00,1,0.15400342694178482,0.1013912684012271,Low,0.0,-0.15400342694178482
2024-01-01 04:20:00,1,0.14194777576171794,0.0963571589095022,Low,0.0,-0.14194777576171794
2024-01-01 04:25:00,1,0.13490002247330307,0.1456761964927135,Low,0.0,-0.13490002247330307
2024-01-01 04:30:00,1,0.20394667508979888,0.1388383068647696,Low,0.0,-0.20394667508979888
2024-01-01 04:35:00,1,0.19437362961067745,0.173775381615969,Medium,0.0,-0.19437362961067745
2024-01-01 04:40:00,1,0.24328553426235658,0.1900440774854341,Medium,0.0,-0.24328553426235658
2024-01-01 04:45:00,1,0.2660617084796077,0.1908663965237244,Medium,0.0,-0.2660617084796077
2024-01-01 04:50:00,1,0.26721295513321414,0.1734499984003894,Medium,0.0,-0.26721295513321414
2024-01-01 04:55:00,1,0.24282999776054515,0.1692834158761049,Medium,0.0,-0.24282999776054515
2024-01-01 05:00:00,1,0.23699678222654685,0.1567888853494967,Medium,0.0,-0.23699678222654685
2024-01-01 05:05:00,1,0.21950443948929535,0.1629086726939905,Medium,0.0,-0.21950443948929535
2024-01-01 05:10:00,1,0.2280721417715867,0.2344073325111477,Medium,0.0,-0.2280721417715867
2024-01-01 05:15:00,1,0.32817026551560674,0.2406909536235092,Medium,0.0,-0.32817026551560674
2024-01-01 05:20:00,1,0.3369673350729129,0.1909618105191315,Medium,0.0,-0.3369673350729129
2024-01-01 05:25:00,1,0.2673465347267841,0.2363750226060487,Medium,0.0,-0.2673465347267841
2024-01-01 05:30:00,1,0.33092503164846815,0.2654923861503409,High,0.0,-0.33092503164846815
2024-01-01 05:35:00,1,0.3716893406104772,0.2728644230695553,High,0.0,-0.3716893406104772
2024-01-01 05:40:00,1,0.38201019229737737,0.2881405054735649,High,0.0,-0.38201019229737737
2024-01-01 05:45:00,1,0.40339670766299085,0.2854247724515221,High,0.0,-0.40339670766299085
2024-01-01 05:50:00,1,0.3995946814321309,0.2917179632685768,High,0.0,-0.3995946814321309
2024-01-01 05:55:00,1,0.4084051485760075,0.3028722427133276,High,0.0,-0.4084051485760075
2024-01-01 06:00:00,1,0.4240211397986586,0.2873233448016953,High,0.0,-0.4240211397986586
2024-01-01 06:05:00,1,0.4022526827223734,0.2856849767135156,High,0.0,-0.4022526827223734
2024-01-01 06:10:00,1,0.39995896739892184,0.3063664403459026,High,0.0,-0.39995896739892184
2024-01-01 06:15:00,1,0.4289130164842636,0.3311668847263364,High,0.0,-0.4289130164842636
2024-01-01 06:20:00,1,0.4636336386168709,0.2825501222781094,High,0.0,-0.4636336386168709
2024-01-01 06:25:00,1,0.3955701711893531,0.3169281968246701,High,0.0,-0.3955701711893531
2024-01-01 06:30:00,1,0.4436994755545381,0.3165729178422071,High,0.0,-0.4436994755545381
2024-01-01 06:35:00,1,0.4432020849790899,0.269778119902347,High,0.0,-0.4432020849790899
2024-01-01 06:40:00,1,0.3776893678632858,0.3137952945286271,High,0.0,-0.3776893678632858
2024-01-01 06:45:00,1,0.43931341234007787,0.2731729901716694,High,0.0,-0.43931341234007787
2024-01-01 06:50:00,1,0.38244218624033716,0.2971184838043733,High,0.0,-0.38244218624033716
2024-01-01 06:55:00,1,0.41596587732612256,0.2656917481438531,High,0.0,-0.41596587732612256
2024-01-01 07:00:00,1,0.37196844740139434,0.2904738752111417,High,0.0,-0.37196844740139434
2024-01-01 07:05:00,1,0.40666342529559835,0.26855482142347,High,0.0,-0.40666342529559835
2024-01-01 07:10:00,1,0.37597674999285796,0.2187181931314583,Medium,0.0,-0.37597674999285796
2024-01-01 07:15:00,1,0.3062054703840416,0.2735525479605237,High,0.0,-0.3062054703840416
2024-01-01 07:20:00,1,0.38297356714473313,0.2612063226414761,High,0.0,-0.38297356714473313
2024-01-01 07:25:00,1,0.3656888516980665,0.2286712326761371,Medium,0.0,-0.3656888516980665
2024-01-01 07:30:00,1,0.3201397257465919,0.1996803263041764,Medium,0.0,-0.3201397257465919
2024-01-01 07:35:00,1,0.27955245682584695,0.2033125048560653,Medium,0.0,-0.27955245682584695
2024-01-01 07:40:00,1,0.2846375067984914,0.1618611457674003,Medium,0.0,-0.2846375067984914
2024-01-01 07:45:00,1,0.2266056040743604,0.1685230615812312,Medium,0.0,-0.2266056040743604
2024-01-01 07:50:00,1,0.23593228621372367,0.1767128500711192,Medium,0.0,-0.23593228621372367
2024-01-01 07:55:00,1,0.24739799009956687,0.1652341765641532,Medium,0.0,-0.24739799009956687
2024-01-01 08:00:00,1,0.23132784718981447,0.1535322767473567,Medium,0.0,-0.23132784718981447
2024-01-01 08:05:00,1,0.21494518744629937,0.1529690607228836,Medium,0.0,-0.21494518744629937
2024-01-01 08:10:00,1,0.21415668501203702,0.1645708640660972,Medium,0.0,-0.21415668501203702
2024-01-01 08:15:00,1,0.23039920969253605,0.1469914510498658,Low,0.0,-0.23039920969253605
2024-01-01 08:20:00,1,0.20578803146981212,0.1237862527057453,Low,0.0,-0.20578803146981212
2024-01-01 08:25:00,1,0.1733007537880434,0.0849476310521432,Low,0.0,-0.1733007537880434
2024-01-01 08:30:00,1,0.11892668347300048,0.096041705692626,Low,0.0,-0.11892668347300048
2024-01-01 08:35:00,1,0.1344583879696764,0.0963296226696332,Low,0.0,-0.1344583879696764
2024-01-01 08:40:00,1,0.13486147173748647,0.1100996413952929,Low,0.0,-0.13486147173748647
2024-01-01 08:45:00,1,0.15413949795341003,0.09669182302967,Low,0.0,-0.15413949795341003
2024-01-01 08:50:00,1,0.135368552241538,0.0892341595862918,Low,0.0,-0.135368552241538
2024-01-01 08:55:00,1,0.1249278234208085,0.1414018192853323,Low,0.0,-0.1249278234208085
2024-01-01 09:00:00,1,0.1979625469994652,0.085998365767839,Low,0.0,-0.1979625469994652
2024-01-01 09:05:00,1,0.12039771207497459,0.1097384902349299,Low,0.0,-0.12039771207497459
2024-01-01 09:10:00,1,0.15363388632890185,0.0921917867784291,Low,0.0,-0.15363388632890185
2024-01-01 09:15:00,1,0.12906850148980073,0.1209872661256379,Low,0.0,-0.12906850148980073
2024-01-01 09:20:00,1,0.16938217257589305,0.1315290359594179,Low,0.0,-0.16938217257589305
2024-01-01 09:25:00,1,0.18414065034318505,0.127809454129909,Low,0.0,-0.18414065034318505
2024-01-01 09:30:00,1,0.17893323578187256,0.1079496129857382,Low,0.0,-0.17893323578187256
2024-01-01 09:35:00,1,0.15112945818003348,0.1761793857441797,Medium,0.0,-0.15112945818003348
2024-01-01 09:40:00,1,0.24665114004185157,0.1240039539298451,Low,0.0,-0.24665114004185157
2024-01-01 09:45:00,1,0.17360553550178315,0.1759343123877438,Medium,0.0,-0.17360553550178315
2024-01-01 09:50:00,1,0.2463080373428413,0.1342398039989331,Low,0.0,-0.2463080373428413
2024-01-01 09:55:00,1,0.18793572559850633,0.1710818958142705,Medium,0.0,-0.18793572559850633
2024-01-01 10:00:00,1,0.2395146541399787,0.1699974648937271,Medium,0.0,-0.2395146541399787
2024-01-01 10:05:00,1,0.23799645085121793,0.1580412099080653,Medium,0.0,-0.23799645085121793
2024-01-01 10:10:00,1,0.2212576938712914,0.2190824970733069,Medium,0.0,-0.2212576938712914
2024-01-01 10:15:00,1,0.30671549590262964,0.1940267816686583,Medium,0.0,-0.30671549590262964
2024-01-01 10:20:00,1,0.2716374943361216,0.2418973369273793,Medium,0.0,-0.2716374943361216
2024-01-01 10:25:00,1,0.338656271698331,0.2399401500295278,Medium,0.0,-0.338656271698331
2024-01-01 10:30:00,1,0.33591621004133887,0.2257518934652334,Medium,0.0,-0.33591621004133887
2024-01-01 10:35:00,1,0.3160526508513267,0.2121034276318372,Medium,0.0,-0.3160526508513267
2024-01-01 10:40:00,1,0.2969447986845721,0.2675293511340471,High,0.0,-0.2969447986845721
2024-01-01 10:45:00,1,0.3745410915876659,0.2751062520941092,High,0.0,-0.3745410915876659
2024-01-01 10:50:00,1,0.3851487529317529,0.2927743872885631,High,0.0,-0.3851487529317529
2024-01-01 10:55:00,1,0.4098841422039883,0.3130957315955243,High,0.0,-0.4098841422039883
2024-01-01 11:00:00,1,0.43833402423373397,0.2666294382252154,High,0.0,-0.43833402423373397
2024-01-01 11:05:00,1,0.3732812135153015,0.3078709476077884,High,0.0,-0.3732812135153015
2024-01-01 11:10:00,1,0.4310193266509037,0.2746455278638595,High,0.0,-0.4310193266509037
2024-01-01 11:15:00,1,0.38450373900940327,0.290468080472844,High,0.0,-0.38450373900940327
2024-01-01 11:20:00,1,0.40665531266198157,0.2950698723382566,High,0.0,-0.40665531266198157
2024-01-01 11:25:00,1,0.4130978212735592,0.3112954519514613,High,0.0,-0.4130978212735592
2024-01-01 11:30:00,1,0.4358136327320458,0.290396678770097,High,0.0,-0.4358136327320458
2024-01-01 11:35:00,1,0.4065553502781358,0.2718149086248719,High,0.0,-0.4065553502781358
2024-01-01 11:40:00,1,0.3805408720748206,0.2812942199317876,High,0.0,-0.3805408720748206
2024-01-01 11:45:00,1,0.3938119079045026,0.2946425260566768,High,0.0,-0.3938119079045026
2024-01-01 11:50:00,1,0.4124995364793475,0.2790523082748476,High,0.0,-0.4124995364793475
2024-01-01 11:55:00,1,0.3906732315847866,0.2838091673273879,High,0.0,-0.3906732315847866
2024-01-01 12:00:00,1,0.3973328342583431,0.3133014929692383,High,0.0,-0.3973328342583431
2024-01-01 12:05:00,1,0.4386220901569336,0.2850341952375954,High,0.0,-0.4386220901569336
2024-01-01 12:10:00,1,0.39904787333263353,0.2616742203973013,High,0.0,-0.39904787333263353
2024-01-01 12:15:00,1,0.36634390855622184,0.2998578029884314,High,0.0,-0.36634390855622184
2024-01-01 12:20:00,1,0.41980092418380394,0.2540945715712531,High,0.0,-0.41980092418380394
2024-01-01 12:25:00,1,0.35573240019975433,0.210141069140222,Medium,0.0,-0.35573240019975433
2024-01-01 12:30:00,1,0.29419749679631074,0.2259213590154261,Medium,0.0,-0.29419749679631074
2024-01-01 12:35:00,1,0.3162899026215965,0.1918796835138628,Medium,0.0,-0.3162899026215965
2024-01-01 12:40:00,1,0.26863155691940793,0.2124881602011576,Medium,0.0,-0.26863155691940793
2024-01-01 12:45:00,1,0.2974834242816206,0.216666514864548,Medium,0.0,-0.2974834242816206
2024-01-01 12:50:00,1,0.3033331208103672,0.2016688834869578,Medium,0.0,-0.3033331208103672
2024-01-01 12:55:00,1,0.2823364368817409,0.2099846370659026,Medium,0.0,-0.2823364368817409
2024-01-01 13:00:00,1,0.2939784918922636,0.1446615208285128,Low,0.0,-0.2939784918922636
2024-01-01 13:05:00,1,0.2025261291599179,0.1539864388738457,Medium,0.0,-0.2025261291599179
2024-01-01 13:10:00,1,0.21558101442338395,0.1255180729119118,Low,0.0,-0.21558101442338395
2024-01-01 13:15:00,1,0.17572530207667653,0.1334011318427803,Low,0.0,-0.17572530207667653
2024-01-01 13:20:00,1,0.1867615845798924,0.1153241017590857,Low,0.0,-0.1867615845798924
2024-01-01 13:25:00,1,0.16145374246271996,0.139611619534234,Low,0.0,-0.16145374246271996
2024-01-01 13:30:00,1,0.1954562673479276,0.1099488298440889,Low,0.0,-0.1954562673479276
2024-01-01 13:35:00,1,0.15392836178172445,0.1255840254120498,Low,0.0,-0.15392836178172445
2024-01-01 13:40:00,1,0.17581763557686972,0.0768121630516105,Low,0.0,-0.17581763557686972
2024-01-01 13:45:00,1,0.10753702827225468,0.1326926596311337,Low,0.0,-0.10753702827225468
2024-01-01 13:50:00,1,0.18576972348358717,0.0729552738889318,Low,0.0,-0.18576972348358717
2024-01-01 13:55:00,1,0.10213738344450451,0.0806683433962928,Low,0.0,-0.10213738344450451
2024-01-01 14:00:00,1,0.1129356807548099,0.1085375626877722,Low,0.0,-0.1129356807548099
2024-01-01 14:05:00,1,0.15195258776288106,0.1112754192651857,Low,0.0,-0.15195258776288106
2024-01-01 14:10:00,1,0.15578558697125997,0.0912367002747992,Low,0.0,-0.15578558697125997
2024-01-01 14:15:00,1,0.12773138038471887,0.0593224722445711,Low,0.0,-0.12773138038471887
2024-01-01 14:20:00,1,0.08305146114239953,0.1196467788626946,Low,0.0,-0.08305146114239953
2024-01-01 14:25:00,1,0.16750549040777243,0.1497889126846498,Low,0.0,-0.16750549040777243
2024-01-01 14:30:00,1,0.20970447775850973,0.1121856740557291,Low,0.0,-0.20970447775850973
2024-01-01 14:35:00,1,0.15705994367802073,0.1488618760799955,Low,0.0,-0.15705994367802073
2024-01-01 14:40:00,1,0.20840662651199368,0.1588932003535501,Medium,0.0,-0.20840662651199368
2024-01-01 14:45:00,1,0.2224504804949701,0.1637165106630357,Medium,0.0,-0.2224504804949701
2024-01-01 14:50:00,1,0.22920311492824996,0.1610595527236592,Medium,0.0,-0.22920311492824996
2024-01-01 14:55:00,1,0.2254833738131229,0.1485300561561192,Low,0.0,-0.2254833738131229
2024-01-01 15:00:00,1,0.20794207861856687,0.1672927205535405,Medium,0.0,-0.20794207861856687
2024-01-01 15:05:00,1,0.23420980877495667,0.1517403483696058,Medium,0.0,-0.23420980877495667
2024-01-01 15:10:00,1,0.21243648771744808,0.1541896403269598,Medium,0.0,-0.21243648771744808
2024-01-01 15:15:00,1,0.21586549645774372,0.1984580669443462,Medium,0.0,-0.21586549645774372
2024-01-01 00:00:00,2,0.25632837820891374,0.2006011431226244,Medium,0.0,-0.25632837820891374
2024-01-01 00:05:00,2,0.2808416003716741,0.1885901468569297,Medium,0.0,-0.2808416003716741
2024-01-01 00:10:00,2,0.2640262055997016,0.2257570767439258,Medium,0.0,-0.2640262055997016
2024-01-01 00:15:00,2,0.3160599074414961,0.2561869465411425,High,0.0,-0.3160599074414961
2024-01-01 00:20:00,2,0.3586617251575995,0.2347565929137889,Medium,0.0,-0.3586617251575995
2024-01-01 00:25:00,2,0.3286592300793044,0.2743850499491157,High,0.0,-0.3286592300793044
2024-01-01 00:30:00,2,0.384139069928762,0.262162615091511,High,0.0,-0.384139069928762
2024-01-01 00:35:00,2,0.3670276611281154,0.2861331388768321,High,0.0,-0.3670276611281154
2024-01-01 00:40:00,2,0.40058639442756494,0.2684888194268295,High,0.0,-0.40058639442756494
2024-01-01 00:45:00,2,0.3758843471975613,0.3109281254083994,High,0.0,-0.3758843471975613
2024-01-01 00:50:00,2,0.4352993755717592,0.2933104959985823,High,0.0,-0.4352993755717592
2024-01-01 00:55:00,2,0.41063469439801514,0.3028996027265344,High,0.0,-0.41063469439801514
2024-01-01 01:00:00,2,0.4240594438171481,0.3158897788283824,High,0.0,-0.4240594438171481
2024-01-01 01:05:00,2,0.44224569035973527,0.2753619397693016,High,0.0,-0.44224569035973527
2024-01-01 01:10:00,2,0.38550671567702227,0.3315675578589751,High,0.0,-0.38550671567702227
2024-01-01 01:15:00,2,0.46419458100256517,0.2894865053689835,High,0.0,-0.46419458100256517
2024-01-01 01:20:00,2,0.4052811075165769,0.2906924264060065,High,0.0,-0.4052811075165769
2024-01-01 01:25:00,2,0.4069693969684091,0.3034058898497689,High,0.0,-0.4069693969684091
2024-01-01 01:30:00,2,0.4247682457896764,0.2852646335729352,High,0.0,-0.4247682457896764
2024-01-01 01:35:00,2,0.39937048700210925,0.3066777872896228,High,0.0,-0.39937048700210925
2024-01-01 01:40:00,2,0.4293489022054719,0.255770145076326,High,0.0,-0.4293489022054719
2024-01-01 01:45:00,2,0.3580782031068564,0.3126299628413311,High,0.0,-0.3580782031068564
2024-01-01 01:50:00,2,0.43768194797786353,0.2350590538320513,Medium,0.0,-0.43768194797786353
2024-01-01 01:55:00,2,0.3290826753648718,0.290021824246646,High,0.0,-0.3290826753648718
2024-01-01 02:00:00,2,0.4060305539453044,0.2559263553960862,High,0.0,-0.4060305539453044
2024-01-01 02:05:00,2,0.35829689755452065,0.2337806141126958,Medium,0.0,-0.35829689755452065
2024-01-01 02:10:00,2,0.3272928597577741,0.2489784966919563,Medium,0.0,-0.3272928597577741
2024-01-01 02:15:00,2,0.3485698953687388,0.2625022119358496,High,0.0,-0.3485698953687388
2024-01-01 02:20:00,2,0.36750309671018944,0.2068638519136352,Medium,0.0,-0.36750309671018944
2024-01-01 02:25:00,2,0.28960939267908925,0.2314472499376857,Medium,0.0,-0.28960939267908925
2024-01-01 02:30:00,2,0.32402614991275996,0.1832897989777293,Medium,0.0,-0.32402614991275996
2024-01-01 02:35:00,2,0.256605718568821,0.1795228412409278,Medium,0.0,-0.256605718568821
2024-01-01 02:40:00,2,0.2513319777372989,0.2130704927196823,Medium,0.0,-0.2513319777372989
2024-01-01 02:45:00,2,0.2982986898075552,0.1637900372723439,Medium,0.0,-0.2982986898075552
2024-01-01 02:50:00,2,0.22930605218128144,0.1509554464218959,Medium,0.0,-0.22930605218128144
2024-01-01 02:55:00,2,0.21133762499065425,0.1496090786372823,Low,0.0,-0.21133762499065425
2024-01-01 03:00:00,2,0.20945271009219518,0.1447126193642526,Low,0.0,-0.20945271009219518
2024-01-01 03:05:00,2,0.2025976671099536,0.1229402248689099,Low,0.0,-0.2025976671099536
2024-01-01 03:10:00,2,0.17211631481647385,0.1253830819792012,Low,0.0,-0.17211631481647385
2024-01-01 03:15:00,2,0.17553631477088166,0.1246632311417515,Low,0.0,-0.17553631477088166
2024-01-01 03:20:00,2,0.17452852359845208,0.1251450782420507,Low,0.0,-0.17452852359845208
2024-01-01 03:25:00,2,0.17520310953887097,0.0719365275723989,Low,0.0,-0.17520310953887097
2024-01-01 03:30:00,2,0.10071113860135847,0.0727506556804271,Low,0.0,-0.10071113860135847
2024-01-01 03:35:00,2,0.10185091795259793,0.1151243073180263,Low,0.0,-0.10185091795259793
2024-01-01 03:40:00,2,0.1611740302452368,0.0962789006465008,Low,0.0,-0.1611740302452368
2024-01-01 03:45:00,2,0.1347904609051011,0.0954514993146631,Low,0.0,-0.1347904609051011
2024-01-01 03:50:00,2,0.13363209904052833,0.0696613065842576,Low,0.0,-0.13363209904052833
2024-01-01 03:55:00,2,0.09752582921796064,0.0798307610024529,Low,0.0,-0.09752582921796064
2024-01-01 04:00:00,2,0.11176306540343404,0.1092040343170998,Low,0.0,-0.11176306540343404
2024-01-01 04:05:00,2,0.1528856480439397,0.1170735708232731,Low,0.0,-0.1528856480439397
2024-01-01 04:10:00,2,0.16390299915258233,0.1116404465717088,Low,0.0,-0.16390299915258233
2024-01-01 04:15:00,2,0.1562966252003923,0.1493164736137365,Low,0.0,-0.1562966252003923
2024-01-01 04:20:00,2,0.2090430630592311,0.1526575464261864,Medium,0.0,-0.2090430630592311
2024-01-01 04:25:00,2,0.21372056499666095,0.1311391156641041,Low,0.0,-0.21372056499666095
2024-01-01 04:30:00,2,0.18359476192974575,0.111145210319784,Low,0.0,-0.18359476192974575
2024-01-01 04:35:00,2,0.15560329444769758,0.1706328504829974,Medium,0.0,-0.15560329444769758
2024-01-01 04:40:00,2,0.23888599067619634,0.1492342485877157,Low,0.0,-0.23888599067619634
2024-01-01 04:45:00,2,0.20892794802280196,0.163166538035383,Medium,0.0,-0.20892794802280196
2024-01-01 04:50:00,2,0.2284331532495362,0.1646668470858111,Medium,0.0,-0.2284331532495362
2024-01-01 04:55:00,2,0.23053358592013554,0.1808992106833405,Medium,0.0,-0.23053358592013554
2024-01-01 05:00:00,2,0.2532588949566767,0.1756164392914435,Medium,0.0,-0.2532588949566767
2024-01-01 05:05:00,2,0.24586301500802088,0.2186484624242316,Medium,0.0,-0.24586301500802088
2024-01-01 05:10:00,2,0.3061078473939242,0.2157777737666543,Medium,0.0,-0.3061078473939242
2024-01-01 05:15:00,2,0.302088883273316,0.2324075421517267,Medium,0.0,-0.302088883273316
2024-01-01 05:20:00,2,0.32537055901241735,0.2698948024839978,High,0.0,-0.32537055901241735
2024-01-01 05:25:00,2,0.37785272347759685,0.2305758839620026,Medium,0.0,-0.37785272347759685
2024-01-01 05:30:00,2,0.3228062375468036,0.2506916849170811,High,0.0,-0.3228062375468036
2024-01-01 05:35:00,2,0.35096835888391353,0.261986817428861,High,0.0,-0.35096835888391353
2024-01-01 05:40:00,2,0.36678154440040533,0.3095385781514022,High,0.0,-0.36678154440040533
2024-01-01 05:45:00,2,0.433354009411963,0.2480466861583348,Medium,0.0,-0.433354009411963
2024-01-01 05:50:00,2,0.3472653606216687,0.2908065707708395,High,0.0,-0.3472653606216687
2024-01-01 05:55:00,2,0.4071291990791753,0.2875468652507706,High,0.0,-0.4071291990791753
2024-01-01 06:00:00,2,0.4025656113510788,0.3409171786488928,High,0.0,-0.4025656113510788
2024-01-01 06:05:00,2,0.47728405010844993,0.2819928666774715,High,0.0,-0.47728405010844993
2024-01-01 06:10:00,2,0.39479001334846003,0.3189055830692356,High,0.0,-0.39479001334846003
2024-01-01 06:15:00,2,0.44646781629692983,0.30236275934178,High,0.0,-0.44646781629692983
2024-01-01 06:20:00,2,0.42330786307849194,0.3029463733479973,High,0.0,-0.42330786307849194
2024-01-01 06:25:00,2,0.4241249226871962,0.3312284536715366,High,0.0,-0.4241249226871962
2024-01-01 06:30:00,2,0.4637198351401512,0.3127210162477279,High,0.0,-0.4637198351401512
2024-01-01 06:35:00,2,0.43780942274681905,0.301942056624693,High,0.0,-0.43780942274681905
2024-01-01 06:40:00,2,0.42271887927457014,0.2801649926481457,High,0.0,-0.42271887927457014
2024-01-01 06:45:00,2,0.39223098970740394,0.2756298655934658,High,0.0,-0.39223098970740394
2024-01-01 06:50:00,2,0.38588181183085213,0.2632717065838253,High,0.0,-0.38588181183085213
2024-01-01 06:55:00,2,0.3685803892173554,0.2719123206786334,High,0.0,-0.3685803892173554
2024-01-01 07:00:00,2,0.38067724895008676,0.2467760727526363,Medium,0.0,-0.38067724895008676
2024-01-01 07:05:00,2,0.3454865018536908,0.2788066997659154,High,0.0,-0.3454865018536908
2024-01-01 07:10:00,2,0.3903293796722815,0.2278798271831705,Medium,0.0,-0.3903293796722815
2024-01-01 07:15:00,2,0.3190317580564387,0.2441445953792415,Medium,0.0,-0.3190317580564387
2024-01-01 07:20:00,2,0.3418024335309381,0.22028811719491,Medium,0.0,-0.3418024335309381
2024-01-01 07:25:00,2,0.308403364072874,0.2062048449056854,Medium,0.0,-0.308403364072874
2024-01-01 07:30:00,2,0.28868678286795957,0.1822060659219915,Medium,0.0,-0.28868678286795957
2024-01-01 07:35:00,2,0.2550884922907881,0.1984701536545353,Medium,0.0,-0.2550884922907881
2024-01-01 07:40:00,2,0.2778582151163494,0.2025497170525751,Medium,0.0,-0.2778582151163494
2024-01-01 07:45:00,2,0.28356960387360514,0.1595743112892363,Medium,0.0,-0.28356960387360514
2024-01-01 07:50:00,2,0.2234040358049308,0.1535284166209196,Medium,0.0,-0.2234040358049308
2024-01-01 07:55:00,2,0.21493978326928742,0.2077464975746432,Medium,0.0,-0.21493978326928742
2024-01-01 08:00:00,2,0.2908450966045005,0.1193290755577679,Low,0.0,-0.2908450966045005
2024-01-01 08:05:00,2,0.16706070578087504,0.1500897459265757,Medium,0.0,-0.16706070578087504
2024-01-01 08:10:00,2,0.21012564429720598,0.1012643637929207,Low,0.0,-0.21012564429720598
2024-01-01 08:15:00,2,0.14177010931008896,0.1449705369664614,Low,0.0,-0.14177010931008896
2024-01-01 08:20:00,2,0.20295875175304595,0.1134577211685399,Low,0.0,-0.20295875175304595
2024-01-01 08:25:00,2,0.15884080963595584,0.1483887706745668,Low,0.0,-0.15884080963595584
2024-01-01 08:30:00,2,0.2077442789443935,0.1153987268157214,Low,0.0,-0.2077442789443935
2024-01-01 08:35:00,2,0.16155821754200994,0.0837892847313555,Low,0.0,-0.16155821754200994
2024-01-01 08:40:00,2,0.11730499862389769,0.1146066593193132,Low,0.0,-0.11730499862389769
2024-01-01 08:45:00,2,0.16044932304703846,0.1004179312675633,Low,0.0,-0.16044932304703846
2024-01-01 08:50:00,2,0.14058510377458863,0.0917560104081691,Low,0.0,-0.14058510377458863
2024-01-01 08:55:00,2,0.12845841457143672,0.1062629110024885,Low,0.0,-0.12845841457143672
2024-01-01 09:00:00,2,0.14876807540348388,0.0953172222292205,Low,0.0,-0.14876807540348388
2024-01-01 09:05:00,2,0.13344411112090868,0.1095447482172167,Low,0.0,-0.13344411112090868
2024-01-01 09:10:00,2,0.15336264750410336,0.0876152966370329,Low,0.0,-0.15336264750410336
2024-01-01 09:15:00,2,0.12266141529184604,0.1032149183141729,Low,0.0,-0.12266141529184604
2024-01-01 09:20:00,2,0.14450088563984204,0.1039042722351231,Low,0.0,-0.14450088563984204
2024-01-01 09:25:00,2,0.14546598112917233,0.1253756091967675,Low,0.0,-0.14546598112917233
2024-01-01 09:30:00,2,0.17552585287547448,0.1240231488898785,Low,0.0,-0.17552585287547448
2024-01-01 09:35:00,2,0.1736324084458299,0.1189234110777265,Low,0.0,-0.1736324084458299
2024-01-01 09:40:00,2,0.16649277550881708,0.1114400359478974,Low,0.0,-0.16649277550881708
2024-01-01 09:45:00,2,0.15601605032705637,0.1742224735096223,Medium,0.0,-0.15601605032705637
2024-01-01 09:50:00,2,0.2439114629134712,0.2127356946547011,Medium,0.0,-0.2439114629134712
2024-01-01 09:55:00,2,0.2978299725165815,0.1948458170945728,Medium,0.0,-0.2978299725165815
2024-01-01 10:00:00,2,0.2727841439324019,0.2037310084347407,Medium,0.0,-0.2727841439324019
2024-01-01 10:05:00,2,0.285223411808637,0.1794786221037818,Medium,0.0,-0.285223411808637
2024-01-01 10:10:00,2,0.2512700709452945,0.1910701931132636,Medium,0.0,-0.2512700709452945
2024-01-01 10:15:00,2,0.267498270358569,0.2213202155662058,Medium,0.0,-0.267498270358569
2024-01-01 10:20:00,2,0.3098483017926881,0.2456851454524769,Medium,0.0,-0.3098483017926881
2024-01-01 10:25:00,2,0.34395920363346766,0.2103725002451356,Medium,0.0,-0.34395920363346766
2024-01-01 10:30:00,2,0.2945215003431898,0.2426263639541692,Medium,0.0,-0.2945215003431898
2024-01-01 10:35:00,2,0.33967690953583685,0.2646907623096702,High,0.0,-0.33967690953583685
2024-01-01 10:40:00,2,0.37056706723353827,0.2553175318185698,High,0.0,-0.37056706723353827
2024-01-01 10:45:00,2,0.3574445445459977,0.2549687932461831,High,0.0,-0.3574445445459977
2024-01-01 10:50:00,2,0.3569563105446563,0.31120039782201,High,0.0,-0.3569563105446563
2024-01-01 10:55:00,2,0.4356805569508139,0.2567764977649221,High,0.0,-0.4356805569508139
2024-01-01 11:00:00,2,0.3594870968708909,0.2736572940992426,High,0.0,-0.3594870968708909
2024-01-01 11:05:00,2,0.3831202117389396,0.2781471825667601,High,0.0,-0.3831202117389396
2024-01-01 11:10:00,2,0.3894060555934641,0.3062838751187624,High,0.0,-0.3894060555934641
2024-01-01 11:15:00,2,0.4287974251662674,0.3381746641968171,High,0.0,-0.4287974251662674
2024-01-01 11:20:00,2,0.47344452987554386,0.2902018327088663,High,0.0,-0.47344452987554386
2024-01-01 11:25:00,2,0.4062825657924128,0.3041464528075513,High,0.0,-0.4062825657924128
2024-01-01 11:30:00,2,0.42580503393057184,0.3131741392000636,High,0.0,-0.42580503393057184
2024-01-01 11:35:00,2,0.438443794880089,0.2990242276087294,High,0.0,-0.438443794880089
2024-01-01 11:40:00,2,0.4186339186522211,0.2650775879717294,High,0.0,-0.4186339186522211
2024-01-01 11:45:00,2,0.37110862316042115,0.2935065912771542,High,0.0,-0.37110862316042115
2024-01-01 11:50:00,2,0.4109092277880159,0.2960985682935349,High,0.0,-0.4109092277880159
2024-01-01 11:55:00,2,0.4145379956109489,0.2844749987228551,High,0.0,-0.4145379956109489
2024-01-01 12:00:00,2,0.3982649982119971,0.2584631115282847,High,0.0,-0.3982649982119971
2024-01-01 12:05:00,2,0.3618483561395986,0.2948005786604131,High,0.0,-0.3618483561395986
2024-01-01 12:10:00,2,0.4127208101245783,0.2878144609295112,High,0.0,-0.4127208101245783
2024-01-01 12:15:00,2,0.4029402453013156,0.2149780249519643,Medium,0.0,-0.4029402453013156
2024-01-01 12:20:00,2,0.30096923493275,0.229074467992844,Medium,0.0,-0.30096923493275
2024-01-01 12:25:00,2,0.3207042551899816,0.2272285818356369,Medium,0.0,-0.3207042551899816
2024-01-01 12:30:00,2,0.31812001456989164,0.2270473440754924,Medium,0.0,-0.31812001456989164
2024-01-01 12:35:00,2,0.31786628170568937,0.2232705753147293,Medium,0.0,-0.31786628170568937
2024-01-01 12:40:00,2,0.312578805440621,0.1797371406545257,Medium,0.0,-0.312578805440621
2024-01-01 12:45:00,2,0.251631996916336,0.1977585608188686,Medium,0.0,-0.251631996916336
2024-01-01 12:50:00,2,0.276861985146416,0.2115595839595536,Medium,0.0,-0.276861985146416
2024-01-01 12:55:00,2,0.296183417543375,0.1871029782903382,Medium,0.0,-0.296183417543375
2024-01-01 13:00:00,2,0.2619441696064735,0.1738025377542187,Medium,0.0,-0.2619441696064735
2024-01-01 13:05:00,2,0.24332355285590615,0.1311152434638224,Low,0.0,-0.24332355285590615
2024-01-01 13:10:00,2,0.18356134084935133,0.1354359832157192,Low,0.0,-0.18356134084935133
2024-01-01 13:15:00,2,0.18961037650200688,0.173073759070507,Medium,0.0,-0.18961037650200688
2024-01-01 13:20:00,2,0.2423032626987098,0.128025889943042,Low,0.0,-0.2423032626987098
2024-01-01 13:25:00,2,0.1792362459202588,0.1482049634336365,Low,0.0,-0.1792362459202588
2024-01-01 13:30:00,2,0.2074869488070911,0.1189561670726476,Low,0.0,-0.2074869488070911
2024-01-01 13:35:00,2,0.16653863390170662,0.1049192859667585,Low,0.0,-0.16653863390170662
2024-01-01 13:40:00,2,0.1468870003534619,0.096471256720525,Low,0.0,-0.1468870003534619
2024-01-01 13:45:00,2,0.135059759408735,0.0965498761393552,Low,0.0,-0.135059759408735
2024-01-01 13:50:00,2,0.13516982659509727,0.0765573720746177,Low,0.0,-0.13516982659509727
2024-01-01 13:55:00,2,0.10718032090446478,0.0978811081153918,Low,0.0,-0.10718032090446478
2024-01-01 14:00:00,2,0.13703355136154852,0.1037506539846634,Low,0.0,-0.13703355136154852
2024-01-01 14:05:00,2,0.14525091557852876,0.1137617572350428,Low,0.0,-0.14525091557852876
2024-01-01 14:10:00,2,0.1592664601290599,0.1052774826205491,Low,0.0,-0.1592664601290599
2024-01-01 14:15:00,2,0.14738847566876873,0.1696110822630238,Medium,0.0,-0.14738847566876873
2024-01-01 14:20:00,2,0.2374555151682333,0.1343341413687717,Low,0.0,-0.2374555151682333
2024-01-01 14:25:00,2,0.18806779791628037,0.1001730015703061,Low,0.0,-0.18806779791628037
2024-01-01 14:30:00,2,0.14024220219842853,0.098160447364421,Low,0.0,-0.14024220219842853
2024-01-01 14:35:00,2,0.1374246263101894,0.147344088419816,Low,0.0,-0.1374246263101894
2024-01-01 14:40:00,2,0.2062817237877424,0.1392349691130262,Low,0.0,-0.2062817237877424
2024-01-01 14:45:00,2,0.19492895675823668,0.1365623580358363,Low,0.0,-0.19492895675823668
2024-01-01 14:50:00,2,0.1911873012501708,0.1180862459996227,Low,0.0,-0.1911873012501708
2024-01-01 14:55:00,2,0.16532074439947175,0.1787822614884073,Medium,0.0,-0.16532074439947175
2024-01-01 15:00:00,2,0.2502951660837702,0.1318107111042072,Low,0.0,-0.2502951660837702
2024-01-01 15:05:00,2,0.18453499554589006,0.1547010610841639,Medium,0.0,-0.18453499554589006
2024-01-01 15:10:00,2,0.21658148551782944,0.1962614036150742,Medium,0.0,-0.21658148551782944
2024-01-01 15:15:00,2,0.27476596506110385,0.214151871265778,Medium,0.0,-0.27476596506110385
2024-01-01 00:00:00,3,0.14478966488450243,0.1956587372421566,Medium,3.6413823549712166e-06,-0.14478602350214745
2024-01-01 00:05:00,3,0.11739524234529396,0.2351382263037376,Medium,4.235680216186143e-06,-0.11739100666507778
2024-01-01 00:10:00,3,0.14108293578224254,0.2222137842017374,Medium,4.9221836645310965e-06,-0.14107801359857802
2024-01-01 00:15:00,3,0.13332827052104243,0.225463588163084,Medium,5.714394700157616e-06,-0.13332255612634228
2024-01-01 00:20:00,3,0.1352781528978504,0.2534962639532953,High,6.627663085642455e-06,-0.13527152523476474
2024-01-01 00:25:00,3,0.15209775837197717,0.2615264999242794,High,7.679419304900982e-06,-0.15209007895267226
2024-01-01 00:30:00,3,0.15691589995456764,0.2681157438466207,High,8.889433972860254e-06,-0.15690701052059478
2024-01-01 00:35:00,3,0.1608694463079724,0.2607258206842438,High,1.0280106291632712e-05,-0.16085916620168075
2024-01-01 00:40:00,3,0.1564354924105463,0.3056916172589272,High,1.1876784349302524e-05,-0.156423615626197
2024-01-01 00:45:00,3,0.1834149703553563,0.2897037327696681,High,1.3708120266184627e-05,-0.18340126223509012
2024-01-01 00:50:00,3,0.17382223966180085,0.2995459890069682,High,1.580646340990038e-05,-0.17380643319839095
2024-01-01 00:55:00,3,0.17972759340418093,0.2894494611782661,High,1.820829512401571e-05,-0.1797093851090569
2024-01-01 01:00:00,3,0.17366967670695965,0.308130302058805,High,2.0954708644277413e-05,-0.17364872199831538
2024-01-01 01:05:00,3,0.184878181235283,0.2849209521751962,High,2.4091938110423602e-05,-0.18485408929717256
2024-01-01 01:10:00,3,0.1709525713051177,0.3245337711212447,High,2.7671940818649095e-05,-0.17092489936429905
2024-01-01 01:15:00,3,0.1947202626727468,0.289423910862548,High,3.1753037098333695e-05,-0.1946885096356485
2024-01-01 01:20:00,3,0.17365434651752878,0.2984494555367363,High,3.6400612434564485e-05,-0.17361794590509422
2024-01-01 01:25:00,3,0.17906967332204177,0.3259906769510166,High,4.168788669298857e-05,-0.17902798543534879
2024-01-01 01:30:00,3,0.19559440617060994,0.2785048347611164,High,4.769675553297494e-05,-0.19554670941507696
2024-01-01 01:35:00,3,0.16710290085666984,0.2853299102615862,High,5.4518709315970017e-05,-0.16704838214735387
2024-01-01 01:40:00,3,0.17119794615695172,0.2725435226939235,High,6.225583502499475e-05,-0.17113569032192671
2024-01-01 01:45:00,3,0.1635261136163541,0.3065638954523494,High,7.102190690474424e-05,-0.16345509170944936
2024-01-01 01:50:00,3,0.18393833727140965,0.2790001762558049,High,8.094357170567815e-05,-0.18385739369970397
2024-01-01 01:55:00,3,0.16740010575348294,0.2268673979803405,Medium,9.216163456538898e-05,-0.16730794411891756
2024-01-01 02:00:00,3,0.1361204387882043,0.2789285544520973,High,0.0001048324516815727,-0.1360156063365227
2024-01-01 02:05:00,3,0.16735713267125837,0.218537581739442,Medium,0.00011912943601790935,-0.16723800323524046
2024-01-01 02:10:00,3,0.1311225490436652,0.2409578905053555,Medium,0.00013524468233151024,-0.13098730436133368
2024-01-01 02:15:00,3,0.1445747343032133,0.2252679708095716,Medium,0.00015339071781232037,-0.14442134358540099
2024-01-01 02:20:00,3,0.13516078248574295,0.2216590492895363,Medium,0.00017380238457470758,-0.13498698010116825
2024-01-01 02:25:00,3,0.1329954295737218,0.2010354518943776,Medium,0.00019673886013278288,-0.13279869071358902
2024-01-01 02:30:00,3,0.12062127113662656,0.1903512640493864,Medium,0.0002224858218168138,-0.12039878531480974
2024-01-01 02:35:00,3,0.11421075842963184,0.1848265940884846,Medium,0.00025135776084127904,-0.11395940066879057
2024-01-01 02:40:00,3,0.11089595645309075,0.1728781613072337,Medium,0.00028370045140821757,-0.11061225600168254
2024-01-01 02:45:00,3,0.10372689678434023,0.1771598241381206,Medium,0.0003198935798150142,-0.10340700320452521
2024-01-01 02:50:00,3,0.10629589448287236,0.15500801879009,Medium,0.0003603535380259548,-0.1059355409448464
2024-01-01 02:55:00,3,0.093004811274054,0.1569739555411693,Medium,0.0004055363855541655,-0.09259927488849982
2024-01-01 03:00:00,3,0.09418437332470157,0.1213911105608939,Low,0.0004559409827772577,-0.09372843234192431
2024-01-01 03:05:00,3,0.07283466633653633,0.1557821142170613,Medium,0.0005121122979686995,-0.07232255403856763
2024-01-01 03:10:00,3,0.09346926853023678,0.0891583717070492,Low,0.0005746448893605664,-0.09289462364087621
2024-01-01 03:15:00,3,0.05349502302422952,0.1301132583175944,Low,0.0006441865624549079,-0.05285083646177461
2024-01-01 03:20:00,3,0.07806795499055665,0.1534474780159599,Medium,0.0007214422015644125,-0.07734651278899224
2024-01-01 03:25:00,3,0.09206848680957594,0.1147862144973853,Low,0.0008071777731826358,-0.0912613090363933
2024-01-01 03:30:00,3,0.06887172869843118,0.0822227770166135,Low,0.0009022244972549538,-0.06796950420117623
2024-01-01 03:35:00,3,0.0493336662099681,0.1486531374586743,Low,0.001007483180739648,-0.04832618302922845
2024-01-01 03:40:00,3,0.08919188247520458,0.1149468299530732,Low,0.0011239287060114962,-0.08806795376919309
2024-01-01 03:45:00,3,0.06896809797184392,0.0835996695278774,Low,0.001252614664666125,-0.06771548330717779
2024-01-01 03:50:00,3,0.05015980171672644,0.1202545310158244,Low,0.0013946781251322224,-0.04876512359159422
2024-01-01 03:55:00,3,0.07215271860949464,0.1212826108828896,Low,0.001551344520192055,-0.07060137408930259
2024-01-01 04:00:00,3,0.07276956652973375,0.1050231097527139,Low,0.0017239326380515617,-0.07104563389168218
2024-01-01 04:05:00,3,0.06301386585162834,0.136316826295245,Low,0.0019138596979950575,-0.061100006153633285
2024-01-01 04:10:00,3,0.08179009577714699,0.0886841304201364,Low,0.0021226464889135183,-0.07966744928823348
2024-01-01 04:15:00,3,0.05321047825208184,0.1103069332664189,Low,0.0023519225461187737,-0.050858555705963066
2024-01-01 04:20:00,3,0.06618415995985133,0.1362080586714155,Low,0.0026034313388613333,-0.06358072862099
2024-01-01 04:25:00,3,0.0817248352028493,0.1026752815723334,Low,0.0028790354378704923,-0.07884579976497881
2024-01-01 04:30:00,3,0.061605168943400034,0.1749155059293249,Medium,0.0031807216290500456,-0.05842444731434999
2024-01-01 04:35:00,3,0.10494930355759494,0.1343565380615933,Low,0.003510605936210686,-0.10143869762138424
2024-01-01 04:40:00,3,0.08061392283695598,0.1349783045339784,Low,0.0038709385124233156,-0.07674298432453266
2024-01-01 04:45:00,3,0.08098698272038704,0.1325666671206591,Low,0.00426410835626282,-0.07672287436412423
2024-01-01 04:50:00,3,0.07954000027239545,0.1843267647493574,Medium,0.004692647805907022,-0.07484735246648844
2024-01-01 04:55:00,3,0.11059605884961445,0.190375948231243,Medium,0.0051592367607915385,-0.1054368220888229
2024-01-01 05:00:00,3,0.11422556893874579,0.2274395751337403,Medium,0.0056667065773336935,-0.1085588623614121
2024-01-01 05:05:00,3,0.13646374508024417,0.2064086867375312,Medium,0.006218043582163552,-0.13024570149808062
2024-01-01 05:10:00,3,0.12384521204251872,0.2414921060524507,Medium,0.006816392143376309,-0.1170288198991424
2024-01-01 05:15:00,3,0.1448952636314704,0.2064098382964082,Medium,0.007465057237592126,-0.13743020639387826
2024-01-01 05:20:00,3,0.12384590297784491,0.2061047354477788,Medium,0.00816750644811849,-0.11567839652972642
2024-01-01 05:25:00,3,0.12366284126866728,0.2324569461669,Medium,0.008927371327304034,-0.11473546994136324
2024-01-01 05:30:00,3,0.13947416770013998,0.2580104728735529,High,0.009748448054298994,-0.12972571964584098
2024-01-01 05:35:00,3,0.15480628372413172,0.2627757528152777,High,0.01063469731794457,-0.14417158640618716
2024-01-01 05:40:00,3,0.15766545168916662,0.306677682032539,High,0.01159024335345114,-0.1460752083357155
2024-01-01 05:45:00,3,0.1840066092195234,0.2896738505511286,High,0.012619372060943991,-0.1713872371585794
2024-01-01 05:50:00,3,0.17380431033067714,0.2780202748712878,High,0.013726528133904518,-0.16007778219677263
2024-01-01 05:55:00,3,0.16681216492277265,0.2859238248875403,High,0.01491631112606283,-0.1518958537967098
2024-01-01 06:00:00,3,0.1715542949325242,0.2950685303845263,High,0.01619347038645352,-0.15536082454607067
2024-01-01 06:05:00,3,0.17704111823071578,0.3046368005664068,High,0.017562898794174095,-0.15947821943654167
2024-01-01 06:10:00,3,0.18278208033984408,0.3042268446734568,High,0.019029625226927915,-0.16375245511291617
2024-01-01 06:15:00,3,0.18253610680407406,0.2847383329098956,High,0.020598805700730614,-0.16193730110334345
2024-01-01 06:20:00,3,0.17084299974593734,0.2892508052535937,High,0.022275713122244835,-0.1485672866236925
2024-01-01 06:25:00,3,0.1735504831521562,0.2927887353611166,High,0.02406572560011248,-0.14948475755204374
2024-01-01 06:30:00,3,0.17567324121666997,0.2778505083761906,High,0.025974313267401634,-0.14969892794926834
2024-01-01 06:35:00,3,0.16671030502571435,0.2877343838696726,High,0.028007023573893983,-0.13870328145182037
2024-01-01 06:40:00,3,0.17264063032180355,0.2591188231242308,High,0.030169465014417144,-0.1424711653073864
2024-01-01 06:45:00,3,0.15547129387453848,0.2700597749586993,High,0.03246728926778043,-0.12300400460675805
2024-01-01 06:50:00,3,0.16203586497521957,0.2785098838861,High,0.034906171730092146,-0.12712969324512743
2024-01-01 06:55:00,3,0.16710593033166,0.251213999930243,High,0.03749179043630881,-0.12961413989535117
2024-01-01 07:00:00,3,0.1507283999581458,0.2633770665986839,High,0.0402298033747662,-0.1104985965833796
2024-01-01 07:05:00,3,0.1580262399592103,0.24009639114968,Medium,0.04312582421113199,-0.11490041574807833
2024-01-01 07:10:00,3,0.144057834689808,0.2384821289885233,Medium,0.0461853964506552,-0.09787243823915281
2024-01-01 07:15:00,3,0.14308927739311397,0.2777208538703676,High,0.0494139660807113,-0.09367531131240267
2024-01-01 07:20:00,3,0.16663251232222057,0.2307902823847766,Medium,0.05281685274938539,-0.11381565957283518
2024-01-01 07:25:00,3,0.13847416943086596,0.2087921685887474,Medium,0.0563992195501185,-0.08207494988074746
2024-01-01 07:30:00,3,0.12527530115324845,0.1766768634599378,Medium,0.060166041497176144,-0.06510925965607231
2024-01-01 07:35:00,3,0.10600611807596268,0.1846482449969959,Medium,0.06412207279178021,-0.041884045284182464
2024-01-01 07:40:00,3,0.11078894699819754,0.2098715328496344,Medium,0.06827181299406118,-0.042517134004136356
2024-01-01 07:45:00,3,0.12592291970978062,0.1617934255261534,Medium,0.07261947223142025,-0.05330344747836037
2024-01-01 07:50:00,3,0.09707605531569204,0.1779063307000054,Medium,0.07716893558930465,-0.01990711972638738
2024-01-01 07:55:00,3,0.10674379842000323,0.1729251860827462,Medium,0.08192372684565362,-0.02482007157434961
2024-01-01 08:00:00,3,0.10375511164964772,0.1573951928305535,Medium,0.08688697172522254,-0.01686813992442518
2024-01-01 08:05:00,3,0.0944371156983321,0.1926131830114016,Medium,0.09206136086448297,-0.0023757548338491363
2024-01-01 08:10:00,3,0.11556790980684095,0.1530396306561484,Medium,0.0974491126916623,-0.01811879711517865
2024-01-01 08:15:00,3,0.09182377839368903,0.1516908945965353,Medium,0.10305193643957765,0.011228158045888614
2024-01-01 08:20:00,3,0.09101453675792116,0.143615082373551,Low,0.10887099552104838,0.01785645876312722
2024-01-01 08:25:00,3,0.0861690494241306,0.1509387857004718,Medium,0.1149068715077014,0.0287378220835708
2024-01-01 08:30:00,3,0.09056327142028309,0.1113965952164613,Low,0.12115952896271949,0.030596257542436403
2024-01-01 08:35:00,3,0.06683795712987678,0.1257456582460865,Low,0.1276282813863837,0.060790324256506933
2024-01-01 08:40:00,3,0.07544739494765189,0.0584185282295633,Low,0.13431175853996613,0.05886436359231424
2024-01-01 08:45:00,3,0.03505111693773798,0.1273230728291051,Low,0.1412078754184799,0.10615675848074192
2024-01-01 08:50:00,3,0.07639384369746306,0.0865549067842756,Low,0.14831380314585804,0.07191995944839498
2024-01-01 08:55:00,3,0.05193294407056536,0.0613663985235364,Low,0.1556259420671857,0.10369299799662032
2024-01-01 09:00:00,3,0.03681983911412184,0.1190102645617941,Low,0.16313989731151973,0.1263200581973979
2024-01-01 09:05:00,3,0.07140615873707645,0.1001735733398184,Low,0.1708504570955114,0.09944429835843493
2024-01-01 09:10:00,3,0.06010414400389104,0.0755627204045403,Low,0.17875157403241246,0.11864743002852142
2024-01-01 09:15:00,3,0.045337632242724184,0.11669726708414,Low,0.1868363497030215,0.1414987174602973
2024-01-01 09:20:00,3,0.070018360250484,0.0797715033179581,Low,0.19509702273467827,0.12507866248419428
2024-01-01 09:25:00,3,0.04786290199077486,0.1605218301780329,Medium,0.2035249606215198,0.15566205863074495
2024-01-01 09:30:00,3,0.09631309810681973,0.1320865097967772,Low,0.21211065550386204,0.11579755739704231
2024-01-01 09:35:00,3,0.07925190587806631,0.1418847547342275,Low,0.2208437241067976,0.1415918182287313
2024-01-01 09:40:00,3,0.0851308528405365,0.1485472435208448,Low,0.22971291201796323,0.14458205917742672
2024-01-01 09:45:00,3,0.08912834611250688,0.1603363196837624,Medium,0.23870610246198173,0.14957775634947484
2024-01-01 09:50:00,3,0.09620179181025744,0.1724134314282534,Medium,0.24781032970444866,0.1516085378941912
2024-01-01 09:55:00,3,0.10344805885695205,0.1310302984376889,Low,0.25701179719163386,0.15356373833468182
2024-01-01 10:00:00,3,0.07861817906261334,0.1731327998868911,Medium,0.2662959005034486,0.18767772144083525
2024-01-01 10:05:00,3,0.10387967993213465,0.2040180011356578,Medium,0.27564725516687694,0.1717675752347423
2024-01-01 10:10:00,3,0.12241080068139468,0.2551855045332654,High,0.285049729345198,0.16263892866380333
2024-01-01 10:15:00,3,0.15311130271995924,0.2000406185104211,Medium,0.2944864813851332,0.141375178665174
2024-01-01 10:20:00,3,0.12002437110625265,0.2108708528089783,Medium,0.303940002169814,0.18391563106356135
2024-01-01 10:25:00,3,0.12652251168538697,0.2152260930689715,Medium,0.31339216219043875,0.18686965050505178
2024-01-01 10:30:00,3,0.1291356558413829,0.242059929936265,Medium,0.322824263213946,0.19368860737256313
2024-01-01 10:35:00,3,0.14523595796175898,0.2281778346807677,Medium,0.3322170943882868,0.1869811364265278
2024-01-01 10:40:00,3,0.1369067008084606,0.2831878230417393,High,0.34155099259124433,0.20464429178278373
2024-01-01 10:45:00,3,0.16991269382504356,0.2914275609131433,High,0.3508059067935256,0.18089321296848201
2024-01-01 10:50:00,3,0.174856536547886,0.2765181960410153,High,0.35996146617238,0.185104929624494
2024-01-01 10:55:00,3,0.16591091762460916,0.2964949542990849,High,0.3689970516786128,0.20308613405400364
2024-01-01 11:00:00,3,0.17789697257945095,0.3028750828300579,High,0.37789187072786273,0.1999948981484118
2024-01-01 11:05:00,3,0.1817250496980347,0.2968992528651245,High,0.3866250346567497,0.20489998495871498
2024-01-01 11:10:00,3,0.17813955171907467,0.2902796816492404,High,0.39517563855627214,0.21703608683719747
2024-01-01 11:15:00,3,0.17416780898954423,0.2983795944776908,High,0.40352284306894304,0.2293550340793988
2024-01-01 11:20:00,3,0.17902775668661447,0.3221310598017283,High,0.41164595771289025,0.23261820102627578
2024-01-01 11:25:00,3,0.19327863588103697,0.2977734942775819,High,0.4195245252757864,0.2262458893947494
2024-01-01 11:30:00,3,0.1786640965665491,0.2832067446879248,High,0.42713840680423976,0.24847431023769065
2024-01-01 11:35:00,3,0.16992404681275486,0.3139139052510817,High,0.43446786670041015,0.2645438198876553
2024-01-01 11:40:00,3,0.18834834315064902,0.2822141913910659,High,0.4414936574273019,0.2531453142766529
2024-01-01 11:45:00,3,0.16932851483463954,0.2998728903334978,High,0.4481971033175752,0.2788685884829356
2024-01-01 11:50:00,3,0.17992373420009866,0.289030843525273,High,0.45456018297795386,0.2746364487778552
2024-01-01 11:55:00,3,0.17341850611516377,0.2602938947239855,High,0.4605656097824748,0.287147103667311
2024-01-01 12:00:00,3,0.1561763368343913,0.2773661375620381,High,0.46619690995297414,0.31002057311858283
2024-01-01 12:05:00,3,0.16641968253722286,0.2821569961984584,High,0.4714384977343608,0.3050188151971379
2024-01-01 12:10:00,3,0.16929419771907503,0.2718826177570548,High,0.47627574718536975,0.30698154946629475
2024-01-01 12:15:00,3,0.16312957065423286,0.234033157669195,Medium,0.48069506012254076,0.31756548946830787
2024-01-01 12:20:00,3,0.140419894601517,0.2610182620779245,High,0.48468392977605096,0.34426403517453397
2024-01-01 12:25:00,3,0.1566109572467547,0.2754313699984052,High,0.48823099974059053,0.3316200424938358
2024-01-01 12:30:00,3,0.1652588219990431,0.2567675625790353,High,0.4913261178325366,0.3260672958334935
2024-01-01 12:35:00,3,0.1540605375474212,0.2192179802668125,Medium,0.4939603844960413,0.3398998469486201
2024-01-01 12:40:00,3,0.13153078816008748,0.2074602960146677,Medium,0.49612619543506037,0.36459540727497286
2024-01-01 12:45:00,3,0.12447617760880061,0.2050893370789936,Medium,0.497817278185523,0.37334110057672243
2024-01-01 12:50:00,3,0.12305360224739616,0.1795580134521596,Medium,0.4990287223814848,0.3759751201340887
2024-01-01 12:55:00,3,0.10773480807129576,0.206476778576059,Medium,0.4997570035108762,0.39202219543958045
2024-01-01 13:00:00,3,0.1238860671456354,0.1506638460894305,Medium,0.5,0.3761139328543646
2024-01-01 13:05:00,3,0.0903983076536583,0.1472264811516282,Low,0.4997570035108762,0.4093586958572179
2024-01-01 13:10:00,3,0.08833588869097692,0.1442777885307215,Low,0.4990287223814848,0.4106928336905079
2024-01-01 13:15:00,3,0.0865666731184329,0.1086376149883798,Low,0.497817278185523,0.4112506050670901
2024-01-01 13:20:00,3,0.06518256899302788,0.1233643024120547,Low,0.49612619543506037,0.4309436264420325
2024-01-01 13:25:00,3,0.07401858144723282,0.1092038551352043,Low,0.4939603844960413,0.41994180304880846
2024-01-01 13:30:00,3,0.06552231308112258,0.1347573844109721,Low,0.4913261178325366,0.425803804751414
2024-01-01 13:35:00,3,0.08085443064658325,0.1427797162856057,Low,0.48823099974059053,0.40737656909400727
2024-01-01 13:40:00,3,0.08566782977136342,0.0936290728225373,Low,0.48468392977605096,0.39901610000468757
2024-01-01 13:45:00,3,0.05617744369352238,0.1177750821627465,Low,0.48069506012254076,0.42451761642901836
2024-01-01 13:50:00,3,0.0706650492976479,0.095796927717453,Low,0.47627574718536975,0.40561069788772186
2024-01-01 13:55:00,3,0.0574781566304718,0.087387951261923,Low,0.4714384977343608,0.413960341103889
2024-01-01 14:00:00,3,0.0524327707571538,0.0857933810958112,Low,0.46619690995297414,0.41376413919582034
2024-01-01 14:05:00,3,0.05147602865748672,0.1031081849239074,Low,0.4605656097824748,0.40908958112498806
2024-01-01 14:10:00,3,0.06186491095434444,0.0938304776161857,Low,0.45456018297795386,0.39269527202360943
2024-01-01 14:15:00,3,0.05629828656971141,0.1185323077505615,Low,0.4481971033175752,0.39189881674786375
2024-01-01 14:20:00,3,0.0711193846503369,0.1270804508272264,Low,0.4414936574273019,0.370374272776965
2024-01-01 14:25:00,3,0.07624827049633584,0.1178954458324363,Low,0.43446786670041015,0.3582195962040743
2024-01-01 14:30:00,3,0.07073726749946178,0.1551015037790816,Medium,0.42713840680423976,0.35640113930477796
2024-01-01 14:35:00,3,0.09306090226744897,0.1364784172092425,Low,0.4195245252757864,0.3264636230083374
2024-01-01 14:40:00,3,0.0818870503255455,0.1678089362187024,Medium,0.41164595771289025,0.32975890738734476
2024-01-01 14:45:00,3,0.10068536173122145,0.1371679531461083,Low,0.40352284306894304,0.3028374813377216
2024-01-01 14:50:00,3,0.08230077188766498,0.199141632157582,Medium,0.39517563855627214,0.31287486666860714
2024-01-01 14:55:00,3,0.11948497929454918,0.1693630493949147,Medium,0.3866250346567497,0.26714005536220053
2024-01-01 15:00:00,3,0.10161782963694882,0.1870647313707009,Medium,0.37789187072786273,0.2762740410909139
2024-01-01 15:05:00,3,0.11223883882242054,0.1666497462480653,Medium,0.3689970516786128,0.25675821285619227
2024-01-01 15:10:00,3,0.09998984774883918,0.2045351691567363,Medium,0.35996146617238,0.25997161842354083
2024-01-01 15:15:00,3,0.12272110149404178,0.1888258105598604,Medium,0.3508059067935256,0.2280848052994838
2024-01-01 00:00:00,4,0.11359074070725497,0.2339330066735299,Medium,3.6413823549712166e-06,-0.1135870993249
2024-01-01 00:05:00,4,0.14035980400411793,0.2098381055314484,Medium,4.235680216186143e-06,-0.14035556832390175
2024-01-01 00:10:00,4,0.12590286331886905,0.1971551199548462,Medium,4.9221836645310965e-06,-0.12589794113520453
2024-01-01 00:15:00,4,0.11829307197290771,0.251061449495016,High,5.714394700157616e-06,-0.11828735757820756
2024-01-01 00:20:00,4,0.1506368696970096,0.2202472172555492,Medium,6.627663085642455e-06,-0.15063024203392394
2024-01-01 00:25:00,4,0.1321483303533295,0.2668707309306554,High,7.679419304900982e-06,-0.1321406509340246
2024-01-01 00:30:00,4,0.16012243855839323,0.2805346677694075,High,8.889433972860254e-06,-0.16011354912442036
2024-01-01 00:35:00,4,0.16832080066164448,0.2930268550045183,High,1.0280106291632712e-05,-0.16831052055535284
2024-01-01 00:40:00,4,0.17581611300271097,0.2777321021614747,High,1.1876784349302524e-05,-0.17580423621836166
2024-01-01 00:45:00,4,0.1666392612968848,0.2879361612261993,High,1.3708120266184627e-05,-0.16662555317661862
2024-01-01 00:50:00,4,0.1727616967357196,0.2691817875972362,High,1.580646340990038e-05,-0.1727458902723097
2024-01-01 00:55:00,4,0.1615090725583417,0.2835339066263129,High,1.820829512401571e-05,-0.16149086426321768
2024-01-01 01:00:00,4,0.17012034397578774,0.290756747842124,High,2.0954708644277413e-05,-0.17009938926714346
2024-01-01 01:05:00,4,0.1744540487052744,0.2785630696567574,High,2.4091938110423602e-05,-0.17442995676716397
2024-01-01 01:10:00,4,0.16713784179405444,0.2976812217193927,High,2.7671940818649095e-05,-0.1671101698532358
2024-01-01 01:15:00,4,0.17860873303163563,0.3048262621544936,High,3.1753037098333695e-05,-0.1785769799945373
2024-01-01 01:20:00,4,0.18289575729269616,0.2842289364172395,High,3.6400612434564485e-05,-0.1828593566802616
2024-01-01 01:25:00,4,0.1705373618503437,0.2956681825285083,High,4.168788669298857e-05,-0.17049567396365073
2024-01-01 01:30:00,4,0.17740090951710497,0.2939607773563975,High,4.769675553297494e-05,-0.17735321276157198
2024-01-01 01:35:00,4,0.17637646641383847,0.2866273790120451,High,5.4518709315970017e-05,-0.1763219477045225
2024-01-01 01:40:00,4,0.17197642740722704,0.2815711697403578,High,6.225583502499475e-05,-0.17191417157220204
2024-01-01 01:45:00,4,0.16894270184421467,0.2636069897963122,High,7.102190690474424e-05,-0.16887167993730992
2024-01-01 01:50:00,4,0.15816419387778732,0.2810192450116782,High,8.094357170567815e-05,-0.15808325030608164
2024-01-01 01:55:00,4,0.1686115470070069,0.2891860719889717,High,9.216163456538898e-05,-0.16851938537244152
2024-01-01 02:00:00,4,0.17351164319338302,0.3074460139470052,High,0.0001048324516815727,-0.17340681074170144
2024-01-01 02:05:00,4,0.1844676083682031,0.252034891458556,High,0.00011912943601790935,-0.1843484789321852
2024-01-01 02:10:00,4,0.1512209348751336,0.2226843817693169,Medium,0.00013524468233151024,-0.1510856901928021
2024-01-01 02:15:00,4,0.13361062906159013,0.2420134210601761,Medium,0.00015339071781232037,-0.13345723834377782
2024-01-01 02:20:00,4,0.14520805263610564,0.2320821945344997,Medium,0.00017380238457470758,-0.14503425025153094
2024-01-01 02:25:00,4,0.13924931672069982,0.1950240782434394,Medium,0.00019673886013278288,-0.13905257786056704
2024-01-01 02:30:00,4,0.11701444694606364,0.1611690346865709,Medium,0.0002224858218168138,-0.11679196112424682
2024-01-01 02:35:00,4,0.09670142081194254,0.2207102669059289,Medium,0.00025135776084127904,-0.09645006305110126
2024-01-01 02:40:00,4,0.13242616014355735,0.1607519803281935,Medium,0.00028370045140821757,-0.13214245969214913
2024-01-01 02:45:00,4,0.09645118819691609,0.1700332309620917,Medium,0.0003198935798150142,-0.09613129461710107
2024-01-01 02:50:00,4,0.10201993857725501,0.1591384528459779,Medium,0.0003603535380259548,-0.10165958503922906
2024-01-01 02:55:00,4,0.09548307170758674,0.1459697482217898,Low,0.0004055363855541655,-0.09507753532203257
2024-01-01 03:00:00,4,0.08758184893307387,0.1337517086259489,Low,0.0004559409827772577,-0.08712590795029661
2024-01-01 03:05:00,4,0.08025102517556934,0.1067217328513777,Low,0.0005121122979686995,-0.07973891287760064
2024-01-01 03:10:00,4,0.06403303971082662,0.1371821189726342,Low,0.0005746448893605664,-0.06345839482146605
2024-01-01 03:15:00,4,0.0823092713835805,0.0707779937826349,Low,0.0006441865624549079,-0.0816650848211256
2024-01-01 03:20:00,4,0.042466796269580935,0.1065611986556453,Low,0.0007214422015644125,-0.04174535406801652
2024-01-01 03:25:00,4,0.06393671919338717,0.1203181026930445,Low,0.0008071777731826358,-0.06312954142020454
2024-01-01 03:30:00,4,0.0721908616158267,0.0767444408064363,Low,0.0009022244972549538,-0.07128863711857175
2024-01-01 03:35:00,4,0.04604666448386178,0.116409417098438,Low,0.001007483180739648,-0.04503918130312213
2024-01-01 03:40:00,4,0.0698456502590628,0.0896552225047664,Low,0.0011239287060114962,-0.0687217215530513
2024-01-01 03:45:00,4,0.05379313350285984,0.0768540856673919,Low,0.001252614664666125,-0.05254051883819371
2024-01-01 03:50:00,4,0.046112451400435135,0.1105812018060087,Low,0.0013946781251322224,-0.044717773275302915
2024-01-01 03:55:00,4,0.06634872108360522,0.0786139411792893,Low,0.001551344520192055,-0.06479737656341317
2024-01-01 04:00:00,4,0.04716836470757358,0.0875572590446943,Low,0.0017239326380515617,-0.04544443206952202
2024-01-01 04:05:00,4,0.05253435542681658,0.1205973172570464,Low,0.0019138596979950575,-0.050620495728821525
2024-01-01 04:10:00,4,0.07235839035422784,0.0959833474384479,Low,0.0021226464889135183,-0.07023574386531432
2024-01-01 04:15:00,4,0.057590008463068734,0.1093690606771401,Low,0.0023519225461187737,-0.05523808591694996
2024-01-01 04:20:00,4,0.06562143640628405,0.1453300584515177,Low,0.0026034313388613333,-0.06301800506742272
2024-01-01 04:25:00,4,0.08719803507091062,0.1674677237416359,Medium,0.0028790354378704923,-0.08431899963304013
2024-01-01 04:30:00,4,0.10048063424498153,0.1543266811877959,Medium,0.0031807216290500456,-0.09729991261593149
2024-01-01 04:35:00,4,0.09259600871267755,0.1212883545671359,Low,0.003510605936210686,-0.08908540277646686
2024-01-01 04:40:00,4,0.07277301274028153,0.137813528939641,Low,0.0038709385124233156,-0.06890207422785821
2024-01-01 04:45:00,4,0.08268811736378459,0.198111330978781,Medium,0.00426410835626282,-0.07842400900752178
2024-01-01 04:50:00,4,0.11886679858726859,0.2029839935841573,Medium,0.004692647805907022,-0.11417415078136157
2024-01-01 04:55:00,4,0.12179039615049438,0.1438787857835565,Low,0.0051592367607915385,-0.11663115938970284
2024-01-01 05:00:00,4,0.0863272714701339,0.1913487035565719,Medium,0.0056667065773336935,-0.08066056489280021
2024-01-01 05:05:00,4,0.11480922213394314,0.1772671818261696,Medium,0.006218043582163552,-0.10859117855177959
2024-01-01 05:10:00,4,0.10636030909570175,0.2271681836823545,Medium,0.006816392143376309,-0.09954391695232544
2024-01-01 05:15:00,4,0.1363009102094127,0.1998060781630489,Medium,0.007465057237592126,-0.12883585297182057
2024-01-01 05:20:00,4,0.11988364689782934,0.2694585346413778,High,0.00816750644811849,-0.11171614044971084
2024-01-01 05:25:00,4,0.16167512078482668,0.2466129644611051,Medium,0.008927371327304034,-0.15274774945752265
2024-01-01 05:30:00,4,0.14796777867666305,0.2626035873086495,High,0.009748448054298994,-0.13821933062236405
2024-01-01 05:35:00,4,0.1575621523851897,0.2740076934192385,High,0.01063469731794457,-0.14692745506724514
2024-01-01 05:40:00,4,0.16440461605154308,0.2685951577981714,High,0.01159024335345114,-0.15281437269809195
2024-01-01 05:45:00,4,0.16115709467890282,0.248694259099474,Medium,0.012619372060943991,-0.14853772261795883
2024-01-01 05:50:00,4,0.1492165554596844,0.2529863392097728,High,0.013726528133904518,-0.1354900273257799
2024-01-01 05:55:00,4,0.1517918035258637,0.2777320485274576,High,0.01491631112606283,-0.13687549239980085
2024-01-01 06:00:00,4,0.16663922911647455,0.3023954569569549,High,0.01619347038645352,-0.15044575873002103
2024-01-01 06:05:00,4,0.18143727417417294,0.3124993871101192,High,0.017562898794174095,-0.16387437537999883
2024-01-01 06:10:00,4,0.18749963226607153,0.3338215411261929,High,0.019029625226927915,-0.1684700070391436
2024-01-01 06:15:00,4,0.20029292467571572,0.288336833806231,High,0.020598805700730614,-0.1796941189749851
2024-01-01 06:20:00,4,0.17300210028373858,0.3098542251996279,High,0.022275713122244835,-0.15072638716149375
2024-01-01 06:25:00,4,0.18591253511977673,0.316959148409533,High,0.02406572560011248,-0.16184680951966426
2024-01-01 06:30:00,4,0.1901754890457198,0.3134271313326972,High,0.025974313267401634,-0.16420117577831816
2024-01-01 06:35:00,4,0.1880562787996183,0.2893744539206558,High,0.028007023573893983,-0.16004925522572433
2024-01-01 06:40:00,4,0.17362467235239348,0.2750765680755366,High,0.030169465014417144,-0.14345520733797634
2024-01-01 06:45:00,4,0.16504594084532195,0.2840831465990106,High,0.03246728926778043,-0.1325786515775415
2024-01-01 06:50:00,4,0.17044988795940638,0.299447651133565,High,0.034906171730092146,-0.13554371622931424
2024-01-01 06:55:00,4,0.179668590680139,0.2733353394516873,High,0.03749179043630881,-0.14217680024383017
2024-01-01 07:00:00,4,0.16400120367101237,0.2487944861663896,Medium,0.0402298033747662,-0.12377140029624617
2024-01-01 07:05:00,4,0.14927669169983376,0.2743579432250965,High,0.04312582421113199,-0.10615086748870178
2024-01-01 07:10:00,4,0.1646147659350579,0.248235735354552,Medium,0.0461853964506552,-0.11842936948440269
2024-01-01 07:15:00,4,0.1489414412127312,0.2169180078583923,Medium,0.0494139660807113,-0.0995274751320199
2024-01-01 07:20:00,4,0.13015080471503537,0.2501037194016343,High,0.05281685274938539,-0.07733395196564999
2024-01-01 07:25:00,4,0.15006223164098056,0.2180588164291519,Medium,0.0563992195501185,-0.09366301209086206
2024-01-01 07:30:00,4,0.13083528985749113,0.2229318384144847,Medium,0.060166041497176144,-0.07066924836031499
2024-01-01 07:35:00,4,0.13375910304869082,0.1863889038498377,Medium,0.06412207279178021,-0.0696370302569106
2024-01-01 07:40:00,4,0.11183334230990262,0.1778686052206563,Medium,0.06827181299406118,-0.04356152931584144
2024-01-01 07:45:00,4,0.10672116313239378,0.165403446572153,Medium,0.07261947223142025,-0.034101690900973536
2024-01-01 07:50:00,4,0.0992420679432918,0.150077886857797,Medium,0.07716893558930465,-0.02207313235398714
2024-01-01 07:55:00,4,0.09004673211467819,0.1504680289893868,Medium,0.08192372684565362,-0.008123005269024569
2024-01-01 08:00:00,4,0.09028081739363207,0.1498295042718692,Low,0.08688697172522254,-0.0033938456684095286
2024-01-01 08:05:00,4,0.08989770256312152,0.1389201752872468,Low,0.09206136086448297,0.0021636583013614485
2024-01-01 08:10:00,4,0.08335210517234808,0.1320467749674826,Low,0.0974491126916623,0.014097007519314225
2024-01-01 08:15:00,4,0.07922806498048955,0.1358377221117872,Low,0.10305193643957765,0.023823871459088097
2024-01-01 08:20:00,4,0.08150263326707233,0.1051856653576247,Low,0.10887099552104838,0.027368362253976056
2024-01-01 08:25:00,4,0.06311139921457481,0.1173631426054324,Low,0.1149068715077014,0.05179547229312659
2024-01-01 08:30:00,4,0.07041788556325944,0.1200964680088397,Low,0.12115952896271949,0.05074164339946005
2024-01-01 08:35:00,4,0.07205788080530381,0.0773863394213328,Low,0.1276282813863837,0.0555704005810799
2024-01-01 08:40:00,4,0.046431803652799676,0.076385794156782,Low,0.13431175853996613,0.08787995488716646
2024-01-01 08:45:00,4,0.0458314764940692,0.1087099824413003,Low,0.1412078754184799,0.0953763989244107
2024-01-01 08:50:00,4,0.06522598946478017,0.1272951124007272,Low,0.14831380314585804,0.08308781368107787
2024-01-01 08:55:00,4,0.0763770674404363,0.085171639778424,Low,0.1556259420671857,0.07924887462674939
2024-01-01 09:00:00,4,0.0511029838670544,0.0759146136800899,Low,0.16313989731151973,0.11203691344446534
2024-01-01 09:05:00,4,0.045548768208053945,0.0838726875044483,Low,0.1708504570955114,0.12530168888745744
2024-01-01 09:10:00,4,0.05032361250266898,0.0839197048697545,Low,0.17875157403241246,0.12842796152974348
2024-01-01 09:15:00,4,0.0503518229218527,0.0983065736338153,Low,0.1868363497030215,0.1364845267811688
2024-01-01 09:20:00,4,0.058983944180289176,0.0882411635476659,Low,0.19509702273467827,0.1361130785543891
2024-01-01 09:25:00,4,0.05294469812859954,0.1117470153033978,Low,0.2035249606215198,0.15058026249292028
2024-01-01 09:30:00,4,0.06704820918203867,0.1300947842971688,Low,0.21211065550386204,0.14506244632182336
2024-01-01 09:35:00,4,0.07805687057830128,0.1515727926131418,Medium,0.2208437241067976,0.1427868535284963
2024-01-01 09:40:00,4,0.09094367556788507,0.1379303881045074,Low,0.22971291201796323,0.13876923645007816
2024-01-01 09:45:00,4,0.08275823286270444,0.1367335159213779,Low,0.23870610246198173,0.1559478695992773
2024-01-01 09:50:00,4,0.08204010955282673,0.1711405532336243,Medium,0.24781032970444866,0.16577022015162193
2024-01-01 09:55:00,4,0.10268433194017457,0.2081457773029795,Medium,0.25701179719163386,0.1543274652514593
2024-01-01 10:00:00,4,0.1248874663817877,0.1528689110925746,Medium,0.2662959005034486,0.14140843412166088
2024-01-01 10:05:00,4,0.09172134665554477,0.2294754209148739,Medium,0.27564725516687694,0.18392590851133217
2024-01-01 10:10:00,4,0.13768525254892433,0.210314407417296,Medium,0.285049729345198,0.14736447679627368
2024-01-01 10:15:00,4,0.1261886444503776,0.2341106696304273,Medium,0.2944864813851332,0.1682978369347556
2024-01-01 10:20:00,4,0.14046640177825637,0.1948407794409801,Medium,0.303940002169814,0.16347360039155762
2024-01-01 10:25:00,4,0.11690446766458806,0.2180675326329449,Medium,0.31339216219043875,0.1964876945258507
2024-01-01 10:30:00,4,0.13084051957976695,0.2267574395368501,Medium,0.322824263213946,0.19198374363417908
2024-01-01 10:35:00,4,0.13605446372211005,0.2813973353737223,High,0.3322170943882868,0.19616263066617673
2024-01-01 10:40:00,4,0.16883840122423338,0.2703482897407869,High,0.34155099259124433,0.17271259136701095
2024-01-01 10:45:00,4,0.16220897384447214,0.283137268915649,High,0.3508059067935256,0.18859693294905344
2024-01-01 10:50:00,4,0.1698823613493894,0.2703287647056946,High,0.35996146617238,0.19007910482299062
2024-01-01 10:55:00,4,0.16219725882341676,0.274372192949937,High,0.3689970516786128,0.20679979285519604
2024-01-01 11:00:00,4,0.16462331576996217,0.2734482865137823,High,0.37789187072786273,0.21326855495790056
2024-01-01 11:05:00,4,0.16406897190826936,0.336655109904125,High,0.3866250346567497,0.22255606274848033
2024-01-01 11:10:00,4,0.201993065942475,0.300109506251586,High,0.39517563855627214,0.19318257261379715
2024-01-01 11:15:00,4,0.1800657037509516,0.3081499686964171,High,0.40352284306894304,0.22345713931799144
2024-01-01 11:20:00,4,0.18488998121785025,0.312398001515168,High,0.41164595771289025,0.22675597649504
2024-01-01 11:25:00,4,0.18743880090910078,0.2861453222184043,High,0.4195245252757864,0.2320857243666856
2024-01-01 11:30:00,4,0.17168719333104257,0.3075846959270064,High,0.42713840680423976,0.2554512134731972
2024-01-01 11:35:00,4,0.1845508175562038,0.3294925263645936,High,0.43446786670041015,0.24991704914420634
2024-01-01 11:40:00,4,0.19769551581875613,0.2956007706095452,High,0.4414936574273019,0.24379814160854577
2024-01-01 11:45:00,4,0.1773604623657271,0.2797982903455746,High,0.4481971033175752,0.27083664095184806
2024-01-01 11:50:00,4,0.16787897420734474,0.2436919034410399,Medium,0.45456018297795386,0.2866812087706091
2024-01-01 11:55:00,4,0.14621514206462394,0.2375547622558683,Medium,0.4605656097824748,0.31435046771785086
2024-01-01 12:00:00,4,0.14253285735352098,0.2856901941776006,High,0.46619690995297414,0.3236640525994532
2024-01-01 12:05:00,4,0.17141411650656035,0.2885224635621421,High,0.4714384977343608,0.30002438122780045
2024-01-01 12:10:00,4,0.17311347813728525,0.2763464358855373,High,0.47627574718536975,0.3031622690480845
2024-01-01 12:15:00,4,0.16580786153132238,0.2552323263404346,High,0.48069506012254076,0.3148871985912184
2024-01-01 12:20:00,4,0.15313939580426075,0.2428543867059805,Medium,0.48468392977605096,0.3315445339717902
2024-01-01 12:25:00,4,0.1457126320235883,0.2638246381148329,High,0.48823099974059053,0.3425183677170022
2024-01-01 12:30:00,4,0.15829478286889975,0.2105352491408215,Medium,0.4913261178325366,0.33303133496363685
2024-01-01 12:35:00,4,0.12632114948449288,0.2137415132487934,Medium,0.4939603844960413,0.3676392350115484
2024-01-01 12:40:00,4,0.12824490794927604,0.1977297306796572,Medium,0.49612619543506037,0.3678812874857843
2024-01-01 12:45:00,4,0.11863783840779432,0.2387599202548005,Medium,0.497817278185523,0.3791794397777287
2024-01-01 12:50:00,4,0.14325595215288028,0.197210590203848,Medium,0.4990287223814848,0.35577277022860454
2024-01-01 12:55:00,4,0.1183263541223088,0.1870559066297625,Medium,0.4997570035108762,0.3814306493885674
2024-01-01 13:00:00,4,0.1122335439778575,0.1658357259429144,Medium,0.5,0.3877664560221425
2024-01-01 13:05:00,4,0.09950143556574864,0.1624882185344366,Medium,0.4997570035108762,0.40025556794512757
2024-01-01 13:10:00,4,0.09749293112066196,0.1498367535072218,Low,0.4990287223814848,0.40153579126082284
2024-01-01 13:15:00,4,0.08990205210433308,0.1278808376437485,Low,0.497817278185523,0.4079152260811899
2024-01-01 13:20:00,4,0.0767285025862491,0.1193138291505309,Low,0.49612619543506037,0.4193976928488113
2024-01-01 13:25:00,4,0.07158829749031854,0.1379955158934387,Low,0.4939603844960413,0.42237208700572276
2024-01-01 13:30:00,4,0.08279730953606322,0.1281998369070963,Low,0.4913261178325366,0.40852880829647337
2024-01-01 13:35:00,4,0.07691990214425777,0.1087015262730698,Low,0.48823099974059053,0.4113110975963328
2024-01-01 13:40:00,4,0.06522091576384187,0.1256317619596711,Low,0.48468392977605096,0.4194630140122091
2024-01-01 13:45:00,4,0.07537905717580266,0.1093341331421775,Low,0.48069506012254076,0.4053160029467381
2024-01-01 13:50:00,4,0.0656004798853065,0.0528680631457532,Low,0.47627574718536975,0.41067526730006326
2024-01-01 13:55:00,4,0.03172083788745192,0.0789015429312887,Low,0.4714384977343608,0.4397176598469089
2024-01-01 14:00:00,4,0.047340925758773224,0.0922827237523421,Low,0.46619690995297414,0.4188559841942009
2024-01-01 14:05:00,4,0.05536963425140526,0.0901693074127318,Low,0.4605656097824748,0.40519597553106956
2024-01-01 14:10:00,4,0.05410158444763908,0.0589178261236835,Low,0.45456018297795386,0.4004585985303148
2024-01-01 14:15:00,4,0.0353506956742101,0.1073215202274413,Low,0.4481971033175752,0.41284640764336505
2024-01-01 14:20:00,4,0.06439291213646478,0.1090194015865622,Low,0.4414936574273019,0.37710074529083715
2024-01-01 14:25:00,4,0.06541164095193731,0.1020501705603745,Low,0.43446786670041015,0.36905622574847285
2024-01-01 14:30:00,4,0.0612301023362247,0.1160223448001422,Low,0.42713840680423976,0.36590830446801503
2024-01-01 14:35:00,4,0.06961340688008531,0.1666843001362554,Medium,0.4195245252757864,0.34991111839570105
2024-01-01 14:40:00,4,0.10001058008175324,0.1393287852620462,Low,0.41164595771289025,0.311635377631137
2024-01-01 14:45:00,4,0.08359727115722772,0.1737050465547579,Medium,0.40352284306894304,0.31992557191171533
2024-01-01 14:50:00,4,0.10422302793285475,0.1508414323457812,Medium,0.39517563855627214,0.2909526106234174
2024-01-01 14:55:00,4,0.09050485940746872,0.146248067438037,Low,0.3866250346567497,0.29612017524928097
2024-01-01 15:00:00,4,0.0877488404628222,0.1391417412824546,Low,0.37789187072786273,0.2901430302650405
2024-01-01 15:05:00,4,0.08348504476947276,0.1890589608951832,Medium,0.3689970516786128,0.28551200690914
2024-01-01 15:10:00,4,0.11343537653710992,0.1462023657502587,Low,0.35996146617238,0.2465260896352701
2024-01-01 15:15:00,4,0.08772141945015521,0.2157898031120215,Medium,0.3508059067935256,0.26308448734337037
2024-01-01 00:00:00,5,0.2065320326020248,0.2011495196425963,Medium,,
2024-01-01 00:05:00,5,0.2011495196425963,0.2077792447656413,Medium,,
2024-01-01 00:10:00,5,0.2077792447656413,0.2218723644671452,Medium,,
2024-01-01 00:15:00,5,0.2218723644671452,0.2529260298171349,High,,
2024-01-01 00:20:00,5,0.2529260298171349,0.2759976832888101,High,,
2024-01-01 00:25:00,5,0.2759976832888101,0.2599690810618758,High,,
2024-01-01 00:30:00,5,0.2599690810618758,0.2772817090556701,High,,
2024-01-01 00:35:00,5,0.2772817090556701,0.2797717644256591,High,,
2024-01-01 00:40:00,5,0.2797717644256591,0.2898018778536762,High,,
2024-01-01 00:45:00,5,0.2898018778536762,0.3025043192279783,High,,
2024-01-01 00:50:00,5,0.3025043192279783,0.3105268711415036,High,,
2024-01-01 00:55:00,5,0.3105268711415036,0.2940682861040998,High,,
2024-01-01 01:00:00,5,0.2940682861040998,0.2999715012388814,High,,
2024-01-01 01:05:00,5,0.2999715012388814,0.3314638312265135,High,,
2024-01-01 01:10:00,5,0.3314638312265135,0.2956621665071078,High,,
2024-01-01 01:15:00,5,0.2956621665071078,0.2835815060022387,High,,
2024-01-01 01:20:00,5,0.2835815060022387,0.2704925592003281,High,,
2024-01-01 01:25:00,5,0.2704925592003281,0.3104037196567636,High,,
2024-01-01 01:30:00,5,0.3104037196567636,0.3046649118389118,High,,
2024-01-01 01:35:00,5,0.3046649118389118,0.3066752929642246,High,,
2024-01-01 01:40:00,5,0.3066752929642246,0.2533829005958888,High,,
2024-01-01 01:45:00,5,0.2533829005958888,0.2601275722815512,High,,
2024-01-01 01:50:00,5,0.2601275722815512,0.2920475950111681,High,,
2024-01-01 01:55:00,5,0.2920475950111681,0.2723032290762643,High,,
2024-01-01 02:00:00,5,0.2723032290762643,0.2676614878196688,High,,
2024-01-01 02:05:00,5,0.2676614878196688,0.2686695559805294,High,,
2024-01-01 02:10:00,5,0.2686695559805294,0.2069744999790013,Medium,,
2024-01-01 02:15:00,5,0.2069744999790013,0.2147970441781064,Medium,,
2024-01-01 02:20:00,5,0.2147970441781064,0.211088870940121,Medium,,
2024-01-01 02:25:00,5,0.211088870940121,0.2090169872160912,Medium,,
2024-01-01 02:30:00,5,0.2090169872160912,0.1684881710234911,Medium,,
2024-01-01 02:35:00,5,0.1684881710234911,0.1857901340800772,Medium,,
2024-01-01 02:40:00,5,0.1857901340800772,0.1619009257263924,Medium,,
2024-01-01 02:45:00,5,0.1619009257263924,0.1428352608727641,Low,,
2024-01-01 02:50:00,5,0.1428352608727641,0.1694063380874038,Medium,,
2024-01-01 02:55:00,5,0.1694063380874038,0.1899399075162672,Medium,,
2024-01-01 03:00:00,5,0.1899399075162672,0.1287384287371716,Low,,
2024-01-01 03:05:00,5,0.1287384287371716,0.1372003444722186,Low,,
2024-01-01 03:10:00,5,0.1372003444722186,0.1309171385899349,Low,,
2024-01-01 03:15:00,5,0.1309171385899349,0.1177608297124109,Low,,
2024-01-01 03:20:00,5,0.1177608297124109,0.1095540909406956,Low,,
2024-01-01 03:25:00,5,0.1095540909406956,0.0984002273461252,Low,,
2024-01-01 03:30:00,5,0.0984002273461252,0.1279583065593626,Low,,
2024-01-01 03:35:00,5,0.1279583065593626,0.1551984434244583,Medium,,
2024-01-01 03:40:00,5,0.1551984434244583,0.0749687425415521,Low,,
2024-01-01 03:45:00,5,0.0749687425415521,0.1097214213964446,Low,,
2024-01-01 03:50:00,5,0.1097214213964446,0.1192795283496137,Low,,
2024-01-01 03:55:00,5,0.1192795283496137,0.107920865234752,Low,,
2024-01-01 04:00:00,5,0.107920865234752,0.0825253240004065,Low,,
2024-01-01 04:05:00,5,0.0825253240004065,0.0721461137588496,Low,,
2024-01-01 04:10:00,5,0.0721461137588496,0.1338609122512176,Low,,
2024-01-01 04:15:00,5,0.1338609122512176,0.0944944749709742,Low,,
2024-01-01 04:20:00,5,0.0944944749709742,0.1164115232130233,Low,,
2024-01-01 04:25:00,5,0.1164115232130233,0.1365181856946569,Low,,
2024-01-01 04:30:00,5,0.1365181856946569,0.1477417605443134,Low,,
2024-01-01 04:35:00,5,0.1477417605443134,0.145618996854572,Low,,
2024-01-01 04:40:00,5,0.145618996854572,0.1676167380945379,Medium,,
2024-01-01 04:45:00,5,0.1676167380945379,0.1736915710649353,Medium,,
2024-01-01 04:50:00,5,0.1736915710649353,0.1675261438770367,Medium,,
2024-01-01 04:55:00,5,0.1675261438770367,0.2155129316410157,Medium,,
2024-01-01 05:00:00,5,0.2155129316410157,0.1642408404532906,Medium,,
2024-01-01 05:05:00,5,0.1642408404532906,0.2187737958577501,Medium,,
2024-01-01 05:10:00,5,0.2187737958577501,0.2270240710916204,Medium,,
2024-01-01 05:15:00,5,0.2270240710916204,0.2388642845126365,Medium,,
2024-01-01 05:20:00,5,0.2388642845126365,0.2361072196814292,Medium,,
2024-01-01 05:25:00,5,0.2361072196814292,0.22121415693294,Medium,,
2024-01-01 05:30:00,5,0.22121415693294,0.262607235418956,High,,
2024-01-01 05:35:00,5,0.262607235418956,0.2883197519483957,High,,
2024-01-01 05:40:00,5,0.2883197519483957,0.2604214868016261,High,,
2024-01-01 05:45:00,5,0.2604214868016261,0.2454207246302842,Medium,,
2024-01-01 05:50:00,5,0.2454207246302842,0.2962610224390127,High,,
2024-01-01 05:55:00,5,0.2962610224390127,0.3100686414782148,High,,
2024-01-01 06:00:00,5,0.3100686414782148,0.2893405898793177,High,,
2024-01-01 06:05:00,5,0.2893405898793177,0.2918229493415008,High,,
2024-01-01 06:10:00,5,0.2918229493415008,0.300637660217504,High,,
2024-01-01 06:15:00,5,0.300637660217504,0.2998001475759498,High,,
2024-01-01 06:20:00,5,0.2998001475759498,0.262788735148133,High,,
2024-01-01 06:25:00,5,0.262788735148133,0.3210998198939436,High,,
2024-01-01 06:30:00,5,0.3210998198939436,0.2976648584721591,High,,
2024-01-01 06:35:00,5,0.2976648584721591,0.2814020132130613,High,,
2024-01-01 06:40:00,5,0.2814020132130613,0.2557844089002483,High,,
2024-01-01 06:45:00,5,0.2557844089002483,0.2813087804869481,High,,
2024-01-01 06:50:00,5,0.2813087804869481,0.3048063391004769,High,,
2024-01-01 06:55:00,5,0.3048063391004769,0.277332621382384,High,,
2024-01-01 07:00:00,5,0.277332621382384,0.3039409797407064,High,,
2024-01-01 07:05:00,5,0.3039409797407064,0.282183583258918,High,,
2024-01-01 07:10:00,5,0.282183583258918,0.2587822301680206,High,,
2024-01-01 07:15:00,5,0.2587822301680206,0.2684727442459987,High,,
2024-01-01 07:20:00,5,0.2684727442459987,0.2181433078173089,Medium,,
2024-01-01 07:25:00,5,0.2181433078173089,0.2341104386153724,Medium,,
2024-01-01 07:30:00,5,0.2341104386153724,0.2158653719194975,Medium,,
2024-01-01 07:35:00,5,0.2158653719194975,0.249629124515318,Medium,,
2024-01-01 07:40:00,5,0.249629124515318,0.1769882986361966,Medium,,
2024-01-01 07:45:00,5,0.1769882986361966,0.1702301967776737,Medium,,
2024-01-01 07:50:00,5,0.1702301967776737,0.1727387357800768,Medium,,
2024-01-01 07:55:00,5,0.1727387357800768,0.1735566283695954,Medium,,
2024-01-01 08:00:00,5,0.1735566283695954,0.1883567926664154,Medium,,
2024-01-01 08:05:00,5,0.1883567926664154,0.1443070820075035,Low,,
2024-01-01 08:10:00,5,0.1443070820075035,0.119759410354745,Low,,
2024-01-01 08:15:00,5,0.119759410354745,0.106123944869956,Low,,
2024-01-01 08:20:00,5,0.106123944869956,0.095989642994924,Low,,
2024-01-01 08:25:00,5,0.095989642994924,0.1213790480768653,Low,,
2024-01-01 08:30:00,5,0.1213790480768653,0.1367506741915987,Low,,
2024-01-01 08:35:00,5,0.1367506741915987,0.1271577218670211,Low,,
2024-01-01 08:40:00,5,0.1271577218670211,0.0846151597338721,Low,,
2024-01-01 08:45:00,5,0.0846151597338721,0.1046582796266701,Low,,
2024-01-01 08:50:00,5,0.1046582796266701,0.0668911401543857,Low,,
2024-01-01 08:55:00,5,0.0668911401543857,0.1023574828527364,Low,,
2024-01-01 09:00:00,5,0.1023574828527364,0.1002480052759197,Low,,
2024-01-01 09:05:00,5,0.1002480052759197,0.0876480447087708,Low,,
2024-01-01 09:10:00,5,0.0876480447087708,0.1075936750534057,Low,,
2024-01-01 09:15:00,5,0.1075936750534057,0.1150987969960223,Low,,
2024-01-01 09:20:00,5,0.1150987969960223,0.1133853871130336,Low,,
2024-01-01 09:25:00,5,0.1133853871130336,0.1183634859309973,Low,,
2024-01-01 09:30:00,5,0.1183634859309973,0.1115668138745074,Low,,
2024-01-01 09:35:00,5,0.1115668138745074,0.1680044525822945,Medium,,
2024-01-01 09:40:00,5,0.1680044525822945,0.1655410133274195,Medium,,
2024-01-01 09:45:00,5,0.1655410133274195,0.1514106232653293,Medium,,
2024-01-01 09:50:00,5,0.1514106232653293,0.1663512669402247,Medium,,
2024-01-01 09:55:00,5,0.1663512669402247,0.1572116552710235,Medium,,
2024-01-01 10:00:00,5,0.1572116552710235,0.1880684579302269,Medium,,
2024-01-01 10:05:00,5,0.1880684579302269,0.247926091849766,Medium,,
2024-01-01 10:10:00,5,0.247926091849766,0.1750385390293521,Medium,,
2024-01-01 10:15:00,5,0.1750385390293521,0.16657069069447,Medium,,
2024-01-01 10:20:00,5,0.16657069069447,0.1960069984274848,Medium,,
2024-01-01 10:25:00,5,0.1960069984274848,0.2288971475789799,Medium,,
2024-01-01 10:30:00,5,0.2288971475789799,0.2344071438141461,Medium,,
2024-01-01 10:35:00,5,0.2344071438141461,0.2447316404420735,Medium,,
2024-01-01 10:40:00,5,0.2447316404420735,0.285911934079726,High,,
2024-01-01 10:45:00,5,0.285911934079726,0.2848353997202288,High,,
2024-01-01 10:50:00,5,0.2848353997202288,0.2731914247298858,High,,
2024-01-01 10:55:00,5,0.2731914247298858,0.2847654240182998,High,,
2024-01-01 11:00:00,5,0.2847654240182998,0.2600057123762635,High,,
2024-01-01 11:05:00,5,0.2600057123762635,0.2680275554499398,High,,
2024-01-01 11:10:00,5,0.2680275554499398,0.2963004225473868,High,,
2024-01-01 11:15:00,5,0.2963004225473868,0.2542283306887242,High,,
2024-01-01 11:20:00,5,0.2542283306887242,0.2487183436667138,Medium,,
2024-01-01 11:25:00,5,0.2487183436667138,0.3208190056857662,High,,
2024-01-01 11:30:00,5,0.3208190056857662,0.28488147510133,High,,
2024-01-01 11:35:00,5,0.28488147510133,0.3352181726100653,High,,
2024-01-01 11:40:00,5,0.3352181726100653,0.2635176208037875,High,,
2024-01-01 11:45:00,5,0.2635176208037875,0.3024845547459469,High,,
2024-01-01 11:50:00,5,0.3024845547459469,0.2794273931637557,High,,
2024-01-01 11:55:00,5,0.2794273931637557,0.305274026992915,High,,
2024-01-01 12:00:00,5,0.305274026992915,0.2918651413901863,High,,
2024-01-01 12:05:00,5,0.2918651413901863,0.2578604874763558,High,,
2024-01-01 12:10:00,5,0.2578604874763558,0.2825113521920259,High,,
2024-01-01 12:15:00,5,0.2825113521920259,0.2756907483871486,High,,
2024-01-01 12:20:00,5,0.2756907483871486,0.275544128486858,High,,
2024-01-01 12:25:00,5,0.275544128486858,0.2425316326781724,Medium,,
2024-01-01 12:30:00,5,0.2425316326781724,0.2487321468755805,Medium,,
2024-01-01 12:35:00,5,0.2487321468755805,0.2256425204179766,Medium,,
2024-01-01 12:40:00,5,0.2256425204179766,0.2308671898105582,Medium,,
2024-01-01 12:45:00,5,0.2308671898105582,0.1895679629394678,Medium,,
2024-01-01 12:50:00,5,0.1895679629394678,0.1862795439365432,Medium,,
2024-01-01 12:55:00,5,0.1862795439365432,0.1737192543348667,Medium,,
2024-01-01 13:00:00,5,0.1737192543348667,0.1536066426800789,Medium,,
2024-01-01 13:05:00,5,0.1536066426800789,0.1477157975747464,Low,,
2024-01-01 13:10:00,5,0.1477157975747464,0.1191744282132806,Low,,
2024-01-01 13:15:00,5,0.1191744282132806,0.1286193215452726,Low,,
2024-01-01 13:20:00,5,0.1286193215452726,0.1425407786580853,Low,,
2024-01-01 13:25:00,5,0.1425407786580853,0.1347129235064985,Low,,
2024-01-01 13:30:00,5,0.1347129235064985,0.1027754427761662,Low,,
2024-01-01 13:35:00,5,0.1027754427761662,0.0702232516213076,Low,,
2024-01-01 13:40:00,5,0.0702232516213076,0.1133378991614264,Low,,
2024-01-01 13:45:00,5,0.1133378991614264,0.1201524921652689,Low,,
2024-01-01 13:50:00,5,0.1201524921652689,0.086780435523961,Low,,
2024-01-01 13:55:00,5,0.086780435523961,0.1107521495921215,Low,,
2024-01-01 14:00:00,5,0.1107521495921215,0.1164970269730736,Low,,
2024-01-01 14:05:00,5,0.1164970269730736,0.1133549389962242,Low,,
2024-01-01 14:10:00,5,0.1133549389962242,0.0985215423108464,Low,,
2024-01-01 14:15:00,5,0.0985215423108464,0.1143745983680903,Low,,
2024-01-01 14:20:00,5,0.1143745983680903,0.1227192600432333,Low,,
2024-01-01 14:25:00,5,0.1227192600432333,0.0870485607283521,Low,,
2024-01-01 14:30:00,5,0.0870485607283521,0.1163143701443669,Low,,
2024-01-01 14:35:00,5,0.1163143701443669,0.1382905446542701,Low,,
2024-01-01 14:40:00,5,0.1382905446542701,0.1261130211399161,Low,,
2024-01-01 14:45:00,5,0.1261130211399161,0.105020191027671,Low,,
2024-01-01 14:50:00,5,0.105020191027671,0.1731292059063395,Medium,,
2024-01-01 14:55:00,5,0.1731292059063395,0.1689541079894513,Medium,,
2024-01-01 15:00:00,5,0.1689541079894513,0.1596662165118979,Medium,,
2024-01-01 15:05:00,5,0.1596662165118979,0.221986395637892,Medium,,
2024-01-01 15:10:00,5,0.221986395637892,0.2037779163076046,Medium,,
2024-01-01 15:15:00,5,0.2037779163076046,0.1808871126437075,Medium,,
2024-01-01 15:20:00,5,0.1808871126437075,0.1996161827803621,Medium,,
